-- Auto-generated import from tmp/export_snapshot.json
BEGIN;
SET LOCAL session_replication_role = 'replica';
INSERT INTO public."gites" ("id", "owner_user_id", "name", "slug", "description", "address", "icon", "color", "capacity", "bedrooms", "bathrooms", "latitude", "longitude", "ical_sources", "settings", "tarifs_calendrier", "regles_tarifaires", "display_order", "is_active", "created_at", "updated_at", "distance_km", "beds", "surface_m2", "type_hebergement", "label_classement", "department", "region", "environment", "situation", "cuisine_niveau", "animaux_acceptes", "access_pmr", "parking", "platform_airbnb", "platform_booking", "platform_abritel", "platform_gdf", "platform_direct", "taxe_sejour_tarif", "taxe_sejour_plateformes") VALUES ('5e3af1b2-f344-4f1e-90cb-6b999f87393a'::uuid, '12296d3d-696b-4c5d-95b7-e0b3a1dd1814'::uuid, 'REDACTED', '3eme', NULL, NULL, 'church', '#36ab43', 10, NULL, NULL, 46.0638686, 4.9472473, '[]'::jsonb, '{}'::jsonb, '{"2026-01-31":100,"2026-02-01":250,"2026-02-02":100,"2026-02-03":100,"2026-02-04":100,"2026-02-05":100,"2026-02-06":100,"2026-02-07":100,"2026-02-08":215,"2026-02-09":100,"2026-02-10":100,"2026-02-11":100,"2026-02-12":100,"2026-02-13":100,"2026-02-14":100,"2026-02-15":100,"2026-02-16":100,"2026-02-17":100,"2026-02-18":100,"2026-02-19":100,"2026-02-20":100,"2026-02-21":100,"2026-02-22":100,"2026-02-23":100,"2026-02-24":100,"2026-02-25":100,"2026-02-26":100,"2026-02-27":100}'::jsonb, '{}'::jsonb, 0, TRUE, '2026-01-11T22:45:41.24391+00:00', '2026-02-09T16:22:22.302391+00:00', 0, NULL, NULL, NULL, NULL, NULL, NULL, NULL, NULL, NULL, FALSE, FALSE, FALSE, FALSE, FALSE, FALSE, FALSE, FALSE, 0, '[]'::jsonb) ON CONFLICT DO NOTHING;
INSERT INTO public."gites" ("id", "owner_user_id", "name", "slug", "description", "address", "icon", "color", "capacity", "bedrooms", "bathrooms", "latitude", "longitude", "ical_sources", "settings", "tarifs_calendrier", "regles_tarifaires", "display_order", "is_active", "created_at", "updated_at", "distance_km", "beds", "surface_m2", "type_hebergement", "label_classement", "department", "region", "environment", "situation", "cuisine_niveau", "animaux_acceptes", "access_pmr", "parking", "platform_airbnb", "platform_booking", "platform_abritel", "platform_gdf", "platform_direct", "taxe_sejour_tarif", "taxe_sejour_plateformes") VALUES ('48fb1581-aba1-4793-ad55-deb22e11b25c'::uuid, '12296d3d-696b-4c5d-95b7-e0b3a1dd1814'::uuid, 'REDACTED', '4eme', NULL, NULL, 'house', '#667eea', 15, NULL, NULL, NULL, NULL, '{}'::jsonb, '{}'::jsonb, '{}'::jsonb, '{}'::jsonb, 0, TRUE, '2026-01-11T22:42:01.246503+00:00', '2026-01-11T22:42:01.246503+00:00', 0, NULL, NULL, NULL, NULL, NULL, NULL, NULL, NULL, NULL, FALSE, FALSE, FALSE, FALSE, FALSE, FALSE, FALSE, FALSE, 0, '[]'::jsonb) ON CONFLICT DO NOTHING;
INSERT INTO public."gites" ("id", "owner_user_id", "name", "slug", "description", "address", "icon", "color", "capacity", "bedrooms", "bathrooms", "latitude", "longitude", "ical_sources", "settings", "tarifs_calendrier", "regles_tarifaires", "display_order", "is_active", "created_at", "updated_at", "distance_km", "beds", "surface_m2", "type_hebergement", "label_classement", "department", "region", "environment", "situation", "cuisine_niveau", "animaux_acceptes", "access_pmr", "parking", "platform_airbnb", "platform_booking", "platform_abritel", "platform_gdf", "platform_direct", "taxe_sejour_tarif", "taxe_sejour_plateformes") VALUES ('655e201e-f0ae-40a1-90d7-1dd7876e5d97'::uuid, '12296d3d-696b-4c5d-95b7-e0b3a1dd1814'::uuid, 'REDACTED', 'couzon', NULL, NULL, 'apartment', '#e1e401', 11, NULL, NULL, 45.8435075, 4.8252704, '{"airbnb":"https://www.airbnb.fr/calendar/ical/13366259.ics?t=767faee60ae34547b5ddc0da73af7983","abritel":"http://www.abritel.fr/icalendar/d31158afb72048aabba35b3188771598.ics?nonTentative","gites-de-france":"https://reservation.itea.fr/iCal_753fbf35431f67e8118e8757e06d2bef.ics?aicc=f26bc80e2e964f8fabb080bbbd3557c8"}'::jsonb, '{}'::jsonb, '[{"date":"2026-02-08","prix_nuit":250},{"date":"2026-02-09","prix_nuit":250},{"date":"2026-02-10","prix_nuit":250},{"date":"2026-02-11","prix_nuit":250},{"date":"2026-02-12","prix_nuit":250},{"date":"2026-02-13","prix_nuit":250},{"date":"2026-02-14","prix_nuit":250},{"date":"2026-02-15","prix_nuit":250},{"date":"2026-02-16","prix_nuit":250},{"date":"2026-02-17","prix_nuit":250},{"date":"2026-02-18","prix_nuit":250},{"date":"2026-02-19","prix_nuit":250},{"date":"2026-04-01","prix_nuit":333},{"date":"2026-04-02","prix_nuit":333},{"date":"2026-04-03","prix_nuit":368},{"date":"2026-04-07","prix_nuit":333},{"date":"2026-04-08","prix_nuit":333},{"date":"2026-04-09","prix_nuit":333},{"date":"2026-04-10","prix_nuit":368},{"date":"2026-04-14","prix_nuit":333},{"date":"2026-04-15","prix_nuit":333},{"date":"2026-04-16","prix_nuit":333},{"date":"2026-04-17","prix_nuit":368},{"date":"2026-04-18","prix_nuit":523},{"date":"2026-04-19","prix_nuit":501},{"date":"2026-04-20","prix_nuit":432},{"date":"2026-04-21","prix_nuit":432},{"date":"2026-04-22","prix_nuit":432},{"date":"2026-04-23","prix_nuit":432},{"date":"2026-04-24","prix_nuit":478},{"date":"2026-04-25","prix_nuit":523},{"date":"2026-04-26","prix_nuit":501},{"date":"2026-04-27","prix_nuit":432},{"date":"2026-04-28","prix_nuit":432},{"date":"2026-04-29","prix_nuit":432},{"date":"2026-04-30","prix_nuit":432},{"date":"2026-03-03","prix_nuit":432},{"date":"2026-03-04","prix_nuit":432},{"date":"2026-03-05","prix_nuit":432},{"date":"2026-03-06","prix_nuit":478},{"date":"2026-03-09","prix_nuit":432},{"date":"2026-03-10","prix_nuit":432},{"date":"2026-03-11","prix_nuit":432},{"date":"2026-03-12","prix_nuit":432},{"date":"2026-03-13","prix_nuit":478},{"date":"2026-03-16","prix_nuit":432},{"date":"2026-03-17","prix_nuit":333},{"date":"2026-03-18","prix_nuit":333},{"date":"2026-03-19","prix_nuit":333},{"date":"2026-03-20","prix_nuit":368},{"date":"2026-03-21","prix_nuit":402},{"date":"2026-03-22","prix_nuit":385},{"date":"2026-03-23","prix_nuit":333},{"date":"2026-03-24","prix_nuit":333},{"date":"2026-03-25","prix_nuit":333},{"date":"2026-03-26","prix_nuit":333},{"date":"2026-03-27","prix_nuit":368},{"date":"2026-03-28","prix_nuit":402},{"date":"2026-03-29","prix_nuit":385},{"date":"2026-03-30","prix_nuit":333},{"date":"2026-03-31","prix_nuit":333},{"date":"2026-05-01","prix_nuit":597},{"date":"2026-05-04","prix_nuit":432},{"date":"2026-05-05","prix_nuit":333},{"date":"2026-05-06","prix_nuit":333},{"date":"2026-05-07","prix_nuit":333},{"date":"2026-05-08","prix_nuit":597},{"date":"2026-05-09","prix_nuit":602},{"date":"2026-05-10","prix_nuit":576},{"date":"2026-05-11","prix_nuit":333},{"date":"2026-05-12","prix_nuit":333},{"date":"2026-05-13","prix_nuit":333},{"date":"2026-05-14","prix_nuit":540},{"date":"2026-05-18","prix_nuit":333},{"date":"2026-05-19","prix_nuit":333},{"date":"2026-05-20","prix_nuit":333},{"date":"2026-05-21","prix_nuit":333},{"date":"2026-05-22","prix_nuit":478},{"date":"2026-05-25","prix_nuit":540},{"date":"2026-05-26","prix_nuit":333},{"date":"2026-05-27","prix_nuit":333},{"date":"2026-05-28","prix_nuit":333},{"date":"2026-05-29","prix_nuit":478},{"date":"2026-05-30","prix_nuit":523},{"date":"2026-06-07","prix_nuit":501},{"date":"2026-06-08","prix_nuit":333},{"date":"2026-06-09","prix_nuit":333},{"date":"2026-06-10","prix_nuit":333},{"date":"2026-06-11","prix_nuit":333},{"date":"2026-06-12","prix_nuit":478},{"date":"2026-06-13","prix_nuit":523},{"date":"2026-06-16","prix_nuit":333},{"date":"2026-06-17","prix_nuit":333},{"date":"2026-06-18","prix_nuit":333},{"date":"2026-06-19","prix_nuit":478},{"date":"2026-06-20","prix_nuit":523},{"date":"2026-06-21","prix_nuit":501},{"date":"2026-06-22","prix_nuit":333},{"date":"2026-06-23","prix_nuit":333},{"date":"2026-06-24","prix_nuit":333},{"date":"2026-06-25","prix_nuit":333},{"date":"2026-06-26","prix_nuit":478},{"date":"2026-06-27","prix_nuit":523},{"date":"2026-06-28","prix_nuit":501},{"date":"2026-06-29","prix_nuit":333},{"date":"2026-06-30","prix_nuit":333},{"date":"2026-07-01","prix_nuit":432},{"date":"2026-07-02","prix_nuit":432},{"date":"2026-07-03","prix_nuit":478},{"date":"2026-07-04","prix_nuit":523},{"date":"2026-07-05","prix_nuit":501},{"date":"2026-07-06","prix_nuit":432},{"date":"2026-07-07","prix_nuit":432},{"date":"2026-07-08","prix_nuit":432},{"date":"2026-07-09","prix_nuit":432},{"date":"2026-07-10","prix_nuit":478},{"date":"2026-07-11","prix_nuit":602},{"date":"2026-07-12","prix_nuit":576},{"date":"2026-07-13","prix_nuit":599},{"date":"2026-07-14","prix_nuit":540},{"date":"2026-07-15","prix_nuit":432},{"date":"2026-07-16","prix_nuit":432},{"date":"2026-07-17","prix_nuit":478},{"date":"2026-07-18","prix_nuit":523},{"date":"2026-07-26","prix_nuit":501},{"date":"2026-07-27","prix_nuit":432},{"date":"2026-07-28","prix_nuit":432},{"date":"2026-07-29","prix_nuit":432},{"date":"2026-07-30","prix_nuit":432},{"date":"2026-07-31","prix_nuit":478},{"date":"2026-08-01","prix_nuit":523},{"date":"2026-08-02","prix_nuit":501},{"date":"2026-08-03","prix_nuit":432},{"date":"2026-08-04","prix_nuit":432},{"date":"2026-08-05","prix_nuit":432},{"date":"2026-08-06","prix_nuit":432},{"date":"2026-08-07","prix_nuit":478},{"date":"2026-08-08","prix_nuit":523},{"date":"2026-08-09","prix_nuit":501},{"date":"2026-08-10","prix_nuit":432},{"date":"2026-08-11","prix_nuit":432},{"date":"2026-08-12","prix_nuit":432},{"date":"2026-08-13","prix_nuit":432},{"date":"2026-08-14","prix_nuit":549},{"date":"2026-08-15","prix_nuit":654},{"date":"2026-08-16","prix_nuit":576},{"date":"2026-08-17","prix_nuit":432},{"date":"2026-08-18","prix_nuit":432},{"date":"2026-08-19","prix_nuit":432},{"date":"2026-08-20","prix_nuit":432},{"date":"2026-08-25","prix_nuit":432},{"date":"2026-08-26","prix_nuit":432},{"date":"2026-08-27","prix_nuit":432},{"date":"2026-08-28","prix_nuit":478},{"date":"2026-08-29","prix_nuit":523},{"date":"2026-08-30","prix_nuit":501},{"date":"2026-08-31","prix_nuit":432}]'::jsonb, '{}'::jsonb, 0, TRUE, '2026-01-11T22:45:21.761552+00:00', '2026-02-09T16:22:22.302391+00:00', 32, NULL, NULL, NULL, NULL, NULL, NULL, NULL, NULL, NULL, FALSE, FALSE, FALSE, FALSE, FALSE, FALSE, FALSE, FALSE, 1.65, '["airbnb","booking","abritel"]'::jsonb) ON CONFLICT DO NOTHING;
INSERT INTO public."gites" ("id", "owner_user_id", "name", "slug", "description", "address", "icon", "color", "capacity", "bedrooms", "bathrooms", "latitude", "longitude", "ical_sources", "settings", "tarifs_calendrier", "regles_tarifaires", "display_order", "is_active", "created_at", "updated_at", "distance_km", "beds", "surface_m2", "type_hebergement", "label_classement", "department", "region", "environment", "situation", "cuisine_niveau", "animaux_acceptes", "access_pmr", "parking", "platform_airbnb", "platform_booking", "platform_abritel", "platform_gdf", "platform_direct", "taxe_sejour_tarif", "taxe_sejour_plateformes") VALUES ('2ee6c0bb-1a6a-4490-85e6-af75a1ff3f03'::uuid, '12296d3d-696b-4c5d-95b7-e0b3a1dd1814'::uuid, 'REDACTED', 'trevoux', NULL, NULL, 'house-simple', '#0530f0', 15, NULL, NULL, 45.9362558, 4.7931857, '[{"url":"https://www.airbnb.fr/calendar/ical/37315488.ics?t=78463a4830d24d958b12162e793c75d2","platform":"airbnb","customName":""},{"url":"http://www.abritel.fr/icalendar/0e7482c3c4cf4d08a5811bb27dc86e17.ics?nonTentative","platform":"abritel","customName":""},{"url":"https://reservation.itea.fr/iCal_a56598e138f4257a14f7e5c5041afdf7.ics?aicc=e9a8169fa0094d7a1f24f1b47f79c655","platform":"gites-de-france","customName":""}]'::jsonb, '{}'::jsonb, '[{"date":"2026-02-02","prix_nuit":392},{"date":"2026-02-03","prix_nuit":392},{"date":"2026-02-04","prix_nuit":392},{"date":"2026-02-05","prix_nuit":392},{"date":"2026-02-06","prix_nuit":433},{"date":"2026-02-09","prix_nuit":392},{"date":"2026-02-10","prix_nuit":392},{"date":"2026-02-11","prix_nuit":392},{"date":"2026-02-12","prix_nuit":392},{"date":"2026-02-13","prix_nuit":433},{"date":"2026-02-15","prix_nuit":454},{"date":"2026-02-16","prix_nuit":392},{"date":"2026-02-17","prix_nuit":392},{"date":"2026-02-18","prix_nuit":392},{"date":"2026-02-19","prix_nuit":392},{"date":"2026-02-20","prix_nuit":433},{"date":"2026-02-23","prix_nuit":0},{"date":"2026-02-24","prix_nuit":0},{"date":"2026-02-25","prix_nuit":500},{"date":"2026-02-26","prix_nuit":100},{"date":"2026-02-27","prix_nuit":433},{"date":"2026-02-28","prix_nuit":822},{"date":"2026-03-01","prix_nuit":787},{"date":"2026-03-02","prix_nuit":679},{"date":"2026-03-03","prix_nuit":679},{"date":"2026-03-04","prix_nuit":679},{"date":"2026-03-05","prix_nuit":679},{"date":"2026-03-06","prix_nuit":751},{"date":"2026-03-07","prix_nuit":0},{"date":"2026-03-08","prix_nuit":400},{"date":"2026-03-09","prix_nuit":679},{"date":"2026-03-10","prix_nuit":679},{"date":"2026-03-11","prix_nuit":679},{"date":"2026-03-12","prix_nuit":679},{"date":"2026-03-13","prix_nuit":751},{"date":"2026-03-14","prix_nuit":0},{"date":"2026-03-15","prix_nuit":400},{"date":"2026-03-16","prix_nuit":679},{"date":"2026-03-17","prix_nuit":0},{"date":"2026-03-18","prix_nuit":0},{"date":"2026-03-19","prix_nuit":0},{"date":"2026-03-20","prix_nuit":441},{"date":"2026-03-21","prix_nuit":633},{"date":"2026-03-22","prix_nuit":605},{"date":"2026-03-23","prix_nuit":523},{"date":"2026-03-24","prix_nuit":523},{"date":"2026-03-25","prix_nuit":523},{"date":"2026-03-26","prix_nuit":523},{"date":"2026-03-27","prix_nuit":578},{"date":"2026-03-28","prix_nuit":633},{"date":"2026-03-29","prix_nuit":605},{"date":"2026-03-30","prix_nuit":523},{"date":"2026-03-31","prix_nuit":523},{"date":"2026-04-01","prix_nuit":399},{"date":"2026-04-02","prix_nuit":399},{"date":"2026-04-03","prix_nuit":441},{"date":"2026-04-06","prix_nuit":300},{"date":"2026-04-07","prix_nuit":399},{"date":"2026-04-08","prix_nuit":399},{"date":"2026-04-09","prix_nuit":399},{"date":"2026-04-10","prix_nuit":441},{"date":"2026-04-13","prix_nuit":399},{"date":"2026-04-14","prix_nuit":0},{"date":"2026-04-15","prix_nuit":0},{"date":"2026-04-16","prix_nuit":0},{"date":"2026-04-17","prix_nuit":470},{"date":"2026-04-20","prix_nuit":519},{"date":"2026-04-21","prix_nuit":0},{"date":"2026-04-22","prix_nuit":0},{"date":"2026-04-23","prix_nuit":0},{"date":"2026-04-24","prix_nuit":0},{"date":"2026-04-27","prix_nuit":300},{"date":"2026-04-28","prix_nuit":519},{"date":"2026-04-29","prix_nuit":519},{"date":"2026-02-01","prix_nuit":454},{"date":"2026-02-07","prix_nuit":474},{"date":"2026-02-08","prix_nuit":454},{"date":"2026-02-14","prix_nuit":474},{"date":"2026-05-20","prix_nuit":399},{"date":"2026-05-21","prix_nuit":399},{"date":"2026-09-01","prix_nuit":523},{"date":"2026-09-02","prix_nuit":523},{"date":"2026-09-03","prix_nuit":523},{"date":"2026-09-04","prix_nuit":751},{"date":"2026-09-05","prix_nuit":822},{"date":"2026-09-06","prix_nuit":787},{"date":"2026-09-07","prix_nuit":523},{"date":"2026-09-08","prix_nuit":523},{"date":"2026-09-09","prix_nuit":523},{"date":"2026-09-10","prix_nuit":523},{"date":"2026-09-11","prix_nuit":751},{"date":"2026-09-12","prix_nuit":822},{"date":"2026-09-13","prix_nuit":787},{"date":"2026-09-14","prix_nuit":523},{"date":"2026-09-15","prix_nuit":523},{"date":"2026-09-16","prix_nuit":523},{"date":"2026-09-17","prix_nuit":523},{"date":"2026-09-18","prix_nuit":751},{"date":"2026-09-19","prix_nuit":822},{"date":"2026-09-20","prix_nuit":787},{"date":"2026-09-21","prix_nuit":523},{"date":"2026-09-22","prix_nuit":523},{"date":"2026-09-23","prix_nuit":523},{"date":"2026-09-24","prix_nuit":523},{"date":"2026-09-25","prix_nuit":751},{"date":"2026-09-26","prix_nuit":822},{"date":"2026-09-27","prix_nuit":787},{"date":"2026-09-28","prix_nuit":523},{"date":"2026-09-29","prix_nuit":523},{"date":"2026-09-30","prix_nuit":523},{"date":"2026-04-04","prix_nuit":722},{"date":"2026-04-18","prix_nuit":628},{"date":"2026-04-19","prix_nuit":601},{"date":"2026-04-30","prix_nuit":519},{"date":"2026-07-01","prix_nuit":679},{"date":"2026-07-02","prix_nuit":679},{"date":"2026-07-03","prix_nuit":751},{"date":"2026-07-04","prix_nuit":822},{"date":"2026-07-05","prix_nuit":787},{"date":"2026-07-06","prix_nuit":679},{"date":"2026-07-07","prix_nuit":679},{"date":"2026-07-08","prix_nuit":679},{"date":"2026-07-09","prix_nuit":679},{"date":"2026-07-10","prix_nuit":751},{"date":"2026-07-16","prix_nuit":679},{"date":"2026-07-17","prix_nuit":751},{"date":"2026-07-18","prix_nuit":822},{"date":"2026-07-19","prix_nuit":787},{"date":"2026-07-20","prix_nuit":679},{"date":"2026-07-21","prix_nuit":679},{"date":"2026-07-22","prix_nuit":679},{"date":"2026-07-23","prix_nuit":679},{"date":"2026-07-24","prix_nuit":751},{"date":"2026-07-25","prix_nuit":822},{"date":"2026-07-26","prix_nuit":787},{"date":"2026-07-27","prix_nuit":679},{"date":"2026-07-28","prix_nuit":679},{"date":"2026-07-29","prix_nuit":679},{"date":"2026-07-30","prix_nuit":679},{"date":"2026-07-31","prix_nuit":751},{"date":"2026-05-25","prix_nuit":399},{"date":"2026-05-01","prix_nuit":717},{"date":"2026-05-04","prix_nuit":519},{"date":"2026-05-05","prix_nuit":399},{"date":"2026-05-06","prix_nuit":399},{"date":"2026-05-07","prix_nuit":399},{"date":"2026-05-08","prix_nuit":717},{"date":"2026-05-11","prix_nuit":399},{"date":"2026-05-12","prix_nuit":399},{"date":"2026-05-13","prix_nuit":399},{"date":"2026-05-14","prix_nuit":648},{"date":"2026-05-18","prix_nuit":399},{"date":"2026-05-19","prix_nuit":399},{"date":"2026-05-22","prix_nuit":573},{"date":"2026-05-26","prix_nuit":399},{"date":"2026-05-27","prix_nuit":399},{"date":"2026-05-28","prix_nuit":399},{"date":"2026-05-29","prix_nuit":573},{"date":"2026-06-01","prix_nuit":399},{"date":"2026-06-02","prix_nuit":399},{"date":"2026-06-03","prix_nuit":399},{"date":"2026-06-08","prix_nuit":399},{"date":"2026-06-09","prix_nuit":399},{"date":"2026-06-10","prix_nuit":399},{"date":"2026-06-11","prix_nuit":399},{"date":"2026-06-12","prix_nuit":573},{"date":"2026-06-15","prix_nuit":399},{"date":"2026-06-16","prix_nuit":399},{"date":"2026-06-17","prix_nuit":399},{"date":"2026-06-18","prix_nuit":399},{"date":"2026-06-19","prix_nuit":573},{"date":"2026-06-20","prix_nuit":628},{"date":"2026-06-21","prix_nuit":601},{"date":"2026-06-22","prix_nuit":399},{"date":"2026-06-23","prix_nuit":399},{"date":"2026-06-24","prix_nuit":399},{"date":"2026-06-25","prix_nuit":399},{"date":"2026-06-26","prix_nuit":573},{"date":"2026-06-27","prix_nuit":628},{"date":"2026-06-28","prix_nuit":601},{"date":"2026-06-29","prix_nuit":399},{"date":"2026-06-30","prix_nuit":399}]'::jsonb, '{}'::jsonb, 0, TRUE, '2026-01-11T22:44:37.327866+00:00', '2026-02-17T21:33:04.697+00:00', 25, NULL, NULL, NULL, NULL, NULL, NULL, NULL, NULL, NULL, FALSE, FALSE, FALSE, FALSE, FALSE, FALSE, FALSE, FALSE, 1.65, '["airbnb","booking","abritel"]'::jsonb) ON CONFLICT DO NOTHING;
INSERT INTO public."reservations" ("id", "owner_user_id", "gite_id", "check_in", "check_out", "client_name", "client_email", "client_phone", "client_address", "guest_count", "platform", "platform_booking_id", "status", "total_price", "currency", "paid_amount", "notes", "source", "synced_from", "created_at", "updated_at", "gite", "plateforme", "montant", "acompte", "restant", "paiement", "provenance", "nb_personnes", "telephone", "message_envoye", "ical_uid", "manual_override", "last_seen_in_ical", "check_in_time", "check_out_time") VALUES ('85fa0359-a443-4887-8757-51c803b3aad4'::uuid, '12296d3d-696b-4c5d-95b7-e0b3a1dd1814'::uuid, '2ee6c0bb-1a6a-4490-85e6-af75a1ff3f03'::uuid, '2026-01-16', '2026-01-18', 'REDACTED', NULL, NULL, NULL, 15, 'Airbnb', NULL, 'cancelled', 780, 'EUR', 0, 'Annulée automatiquement (disparue du flux iCal)', 'ical', 'airbnb', '2026-01-13T21:22:59.413772+00:00', '2026-01-13T21:22:59.413772+00:00', 'Trévoux', 'Airbnb', 780, 0, 780, 'Non payé', '', 15, NULL, FALSE, '1418fb94e984-00e270cc28986ea519c4af805a7109a7@airbnb.com', TRUE, '2026-01-20T10:08:29.631+00:00', NULL, NULL) ON CONFLICT DO NOTHING;
INSERT INTO public."reservations" ("id", "owner_user_id", "gite_id", "check_in", "check_out", "client_name", "client_email", "client_phone", "client_address", "guest_count", "platform", "platform_booking_id", "status", "total_price", "currency", "paid_amount", "notes", "source", "synced_from", "created_at", "updated_at", "gite", "plateforme", "montant", "acompte", "restant", "paiement", "provenance", "nb_personnes", "telephone", "message_envoye", "ical_uid", "manual_override", "last_seen_in_ical", "check_in_time", "check_out_time") VALUES ('3377fd8c-2dc8-4db5-9908-3b41a3296ef0'::uuid, '12296d3d-696b-4c5d-95b7-e0b3a1dd1814'::uuid, '2ee6c0bb-1a6a-4490-85e6-af75a1ff3f03'::uuid, '2026-01-30', '2026-02-01', 'REDACTED', NULL, NULL, NULL, 0, 'Airbnb', NULL, 'cancelled', 819, 'EUR', 0, 'Annulée automatiquement (disparue du flux iCal)', 'ical', 'airbnb', '2026-01-13T21:22:59.651575+00:00', '2026-01-13T21:22:59.651575+00:00', 'Trévoux', 'Airbnb', 819, 0, 819, 'Non payé', '', 0, NULL, FALSE, '1418fb94e984-636ebb394a66414c60e9e85ed81be979@airbnb.com', TRUE, '2026-02-02T09:21:48.501+00:00', NULL, NULL) ON CONFLICT DO NOTHING;
INSERT INTO public."reservations" ("id", "owner_user_id", "gite_id", "check_in", "check_out", "client_name", "client_email", "client_phone", "client_address", "guest_count", "platform", "platform_booking_id", "status", "total_price", "currency", "paid_amount", "notes", "source", "synced_from", "created_at", "updated_at", "gite", "plateforme", "montant", "acompte", "restant", "paiement", "provenance", "nb_personnes", "telephone", "message_envoye", "ical_uid", "manual_override", "last_seen_in_ical", "check_in_time", "check_out_time") VALUES ('4671a2d3-ea0c-49bc-bc65-37ce67e1ca39'::uuid, '12296d3d-696b-4c5d-95b7-e0b3a1dd1814'::uuid, '2ee6c0bb-1a6a-4490-85e6-af75a1ff3f03'::uuid, '2026-01-26', '2026-01-30', 'REDACTED', NULL, NULL, NULL, 5, 'Gîtes de France (centrale)', NULL, 'confirmed', 1000, 'EUR', 0, NULL, 'ical', 'gites-de-france', '2026-01-13T21:23:02.594423+00:00', '2026-01-28T16:34:12.227+00:00', 'Trévoux', 'Gîtes de France (centrale)', 1000, 0, 1000, 'Non payé', '', 5, NULL, FALSE, 'def4be67411ea3a7676eafd901b5fa4f', TRUE, '2026-02-03T15:44:56.536+00:00', '15:30:00', '11:00:00') ON CONFLICT DO NOTHING;
INSERT INTO public."reservations" ("id", "owner_user_id", "gite_id", "check_in", "check_out", "client_name", "client_email", "client_phone", "client_address", "guest_count", "platform", "platform_booking_id", "status", "total_price", "currency", "paid_amount", "notes", "source", "synced_from", "created_at", "updated_at", "gite", "plateforme", "montant", "acompte", "restant", "paiement", "provenance", "nb_personnes", "telephone", "message_envoye", "ical_uid", "manual_override", "last_seen_in_ical", "check_in_time", "check_out_time") VALUES ('e40fef57-a6e2-4440-a670-4e6a2f15852c'::uuid, '12296d3d-696b-4c5d-95b7-e0b3a1dd1814'::uuid, '2ee6c0bb-1a6a-4490-85e6-af75a1ff3f03'::uuid, '2026-02-02', '2026-02-06', 'REDACTED', NULL, NULL, NULL, 6, 'Gîtes de France (centrale)', NULL, 'confirmed', 1000, 'EUR', 0, NULL, 'ical', 'gites-de-france', '2026-01-13T21:23:02.70998+00:00', '2026-02-02T15:43:05.044+00:00', 'Trévoux', 'Gîtes de France (centrale)', 1000, 0, 1000, 'Non payé', '', 6, NULL, FALSE, '21ce3cfa5936f5fb24c0d996586f1a9f', TRUE, '2026-02-03T15:55:17.508+00:00', '14:00:00', '11:00:00') ON CONFLICT DO NOTHING;
INSERT INTO public."reservations" ("id", "owner_user_id", "gite_id", "check_in", "check_out", "client_name", "client_email", "client_phone", "client_address", "guest_count", "platform", "platform_booking_id", "status", "total_price", "currency", "paid_amount", "notes", "source", "synced_from", "created_at", "updated_at", "gite", "plateforme", "montant", "acompte", "restant", "paiement", "provenance", "nb_personnes", "telephone", "message_envoye", "ical_uid", "manual_override", "last_seen_in_ical", "check_in_time", "check_out_time") VALUES ('ceb55198-74ed-49c3-9e7b-bbee40a2d368'::uuid, '12296d3d-696b-4c5d-95b7-e0b3a1dd1814'::uuid, '655e201e-f0ae-40a1-90d7-1dd7876e5d97'::uuid, '2026-02-05', '2026-02-07', 'REDACTED', NULL, NULL, NULL, 6, 'Gîtes de France (centrale)', NULL, 'confirmed', 720, 'EUR', 0, NULL, 'ical', 'gites-de-france', '2026-02-03T15:42:18.664837+00:00', '2026-02-03T15:42:18.664837+00:00', 'Couzon', 'Gîtes de France (centrale)', 720, 0, 720, 'Non payé', '', 6, NULL, FALSE, '08b015cd52af89e1f553bb12214ea637', TRUE, '2026-02-03T15:55:24.274+00:00', NULL, NULL) ON CONFLICT DO NOTHING;
INSERT INTO public."reservations" ("id", "owner_user_id", "gite_id", "check_in", "check_out", "client_name", "client_email", "client_phone", "client_address", "guest_count", "platform", "platform_booking_id", "status", "total_price", "currency", "paid_amount", "notes", "source", "synced_from", "created_at", "updated_at", "gite", "plateforme", "montant", "acompte", "restant", "paiement", "provenance", "nb_personnes", "telephone", "message_envoye", "ical_uid", "manual_override", "last_seen_in_ical", "check_in_time", "check_out_time") VALUES ('d4c74772-e257-4468-a373-23cac49b9ded'::uuid, '12296d3d-696b-4c5d-95b7-e0b3a1dd1814'::uuid, '2ee6c0bb-1a6a-4490-85e6-af75a1ff3f03'::uuid, '2026-03-06', '2026-03-08', 'REDACTED', NULL, NULL, NULL, 0, 'Airbnb', NULL, 'confirmed', 1089, 'EUR', 0, NULL, 'ical', 'airbnb', '2026-01-13T21:22:59.878025+00:00', '2026-03-05T15:50:54.153+00:00', 'Trévoux', 'Airbnb', 1089, 0, 1089, 'Non payé', '', 0, NULL, FALSE, '1418fb94e984-0426fef3c104d651a89b1dbb376d619f@airbnb.com', TRUE, '2026-02-03T15:55:10.28+00:00', '18:00:00', NULL) ON CONFLICT DO NOTHING;
INSERT INTO public."reservations" ("id", "owner_user_id", "gite_id", "check_in", "check_out", "client_name", "client_email", "client_phone", "client_address", "guest_count", "platform", "platform_booking_id", "status", "total_price", "currency", "paid_amount", "notes", "source", "synced_from", "created_at", "updated_at", "gite", "plateforme", "montant", "acompte", "restant", "paiement", "provenance", "nb_personnes", "telephone", "message_envoye", "ical_uid", "manual_override", "last_seen_in_ical", "check_in_time", "check_out_time") VALUES ('b2580c46-a7f1-42fe-8716-88ffcdc371b8'::uuid, '12296d3d-696b-4c5d-95b7-e0b3a1dd1814'::uuid, '2ee6c0bb-1a6a-4490-85e6-af75a1ff3f03'::uuid, '2026-04-04', '2026-04-06', 'REDACTED', NULL, NULL, NULL, 0, 'Airbnb', NULL, 'confirmed', 997, 'EUR', 0, NULL, 'ical', 'airbnb', '2026-01-13T21:22:59.991537+00:00', '2026-01-13T21:22:59.991537+00:00', 'Trévoux', 'Airbnb', 997, 0, 997, 'Non payé', '', 0, NULL, FALSE, '1418fb94e984-27f65dfa12ce0b8d36a06bd12476607f@airbnb.com', TRUE, '2026-02-03T15:55:10.479+00:00', NULL, NULL) ON CONFLICT DO NOTHING;
INSERT INTO public."reservations" ("id", "owner_user_id", "gite_id", "check_in", "check_out", "client_name", "client_email", "client_phone", "client_address", "guest_count", "platform", "platform_booking_id", "status", "total_price", "currency", "paid_amount", "notes", "source", "synced_from", "created_at", "updated_at", "gite", "plateforme", "montant", "acompte", "restant", "paiement", "provenance", "nb_personnes", "telephone", "message_envoye", "ical_uid", "manual_override", "last_seen_in_ical", "check_in_time", "check_out_time") VALUES ('9a112845-5060-4301-9797-fc50e475aefd'::uuid, '12296d3d-696b-4c5d-95b7-e0b3a1dd1814'::uuid, '2ee6c0bb-1a6a-4490-85e6-af75a1ff3f03'::uuid, '2026-05-01', '2026-05-03', 'REDACTED', NULL, NULL, NULL, 0, 'Airbnb', NULL, 'confirmed', 997, 'EUR', 0, NULL, 'ical', 'airbnb', '2026-01-13T21:23:00.335848+00:00', '2026-01-13T21:23:00.335848+00:00', 'Trévoux', 'Airbnb', 997, 0, 997, 'Non payé', '', 0, NULL, FALSE, '1418fb94e984-ce3c69e29aa4757de1c7c4121dc056c9@airbnb.com', TRUE, '2026-02-03T15:55:11.014+00:00', NULL, NULL) ON CONFLICT DO NOTHING;
INSERT INTO public."reservations" ("id", "owner_user_id", "gite_id", "check_in", "check_out", "client_name", "client_email", "client_phone", "client_address", "guest_count", "platform", "platform_booking_id", "status", "total_price", "currency", "paid_amount", "notes", "source", "synced_from", "created_at", "updated_at", "gite", "plateforme", "montant", "acompte", "restant", "paiement", "provenance", "nb_personnes", "telephone", "message_envoye", "ical_uid", "manual_override", "last_seen_in_ical", "check_in_time", "check_out_time") VALUES ('c06b056f-41d4-4b2f-8bf6-20685b80b7b1'::uuid, '12296d3d-696b-4c5d-95b7-e0b3a1dd1814'::uuid, '2ee6c0bb-1a6a-4490-85e6-af75a1ff3f03'::uuid, '2026-05-08', '2026-05-10', 'REDACTED', NULL, NULL, NULL, 0, 'Airbnb', NULL, 'confirmed', 997, 'EUR', 0, NULL, 'ical', 'airbnb', '2026-01-13T21:23:00.4627+00:00', '2026-01-13T21:23:00.4627+00:00', 'Trévoux', 'Airbnb', 997, 0, 997, 'Non payé', '', 0, NULL, FALSE, '1418fb94e984-dbbb914820a6a55cc9d8dd4c6c6c7a6b@airbnb.com', TRUE, '2026-02-03T15:55:11.199+00:00', NULL, NULL) ON CONFLICT DO NOTHING;
INSERT INTO public."reservations" ("id", "owner_user_id", "gite_id", "check_in", "check_out", "client_name", "client_email", "client_phone", "client_address", "guest_count", "platform", "platform_booking_id", "status", "total_price", "currency", "paid_amount", "notes", "source", "synced_from", "created_at", "updated_at", "gite", "plateforme", "montant", "acompte", "restant", "paiement", "provenance", "nb_personnes", "telephone", "message_envoye", "ical_uid", "manual_override", "last_seen_in_ical", "check_in_time", "check_out_time") VALUES ('c3366459-7799-4d0f-b228-3fc7f6e13454'::uuid, '12296d3d-696b-4c5d-95b7-e0b3a1dd1814'::uuid, '2ee6c0bb-1a6a-4490-85e6-af75a1ff3f03'::uuid, '2026-05-29', '2026-05-31', 'REDACTED', NULL, NULL, NULL, 0, 'Airbnb', NULL, 'confirmed', 997, 'EUR', 0, NULL, 'ical', 'airbnb', '2026-01-13T21:23:00.582361+00:00', '2026-01-13T21:23:00.582361+00:00', 'Trévoux', 'Airbnb', 997, 0, 997, 'Non payé', '', 0, NULL, FALSE, '1418fb94e984-0968ca7fb9b4f61591f40f32778c41cf@airbnb.com', TRUE, '2026-02-03T15:55:11.383+00:00', NULL, NULL) ON CONFLICT DO NOTHING;
INSERT INTO public."reservations" ("id", "owner_user_id", "gite_id", "check_in", "check_out", "client_name", "client_email", "client_phone", "client_address", "guest_count", "platform", "platform_booking_id", "status", "total_price", "currency", "paid_amount", "notes", "source", "synced_from", "created_at", "updated_at", "gite", "plateforme", "montant", "acompte", "restant", "paiement", "provenance", "nb_personnes", "telephone", "message_envoye", "ical_uid", "manual_override", "last_seen_in_ical", "check_in_time", "check_out_time") VALUES ('f2a23858-f2cb-48d4-ae4a-2a503d3c70a6'::uuid, '12296d3d-696b-4c5d-95b7-e0b3a1dd1814'::uuid, '2ee6c0bb-1a6a-4490-85e6-af75a1ff3f03'::uuid, '2026-11-27', '2026-11-29', 'REDACTED', NULL, NULL, NULL, 0, 'Airbnb', NULL, 'confirmed', 997, 'EUR', 0, NULL, 'ical', 'airbnb', '2026-01-13T21:23:00.817738+00:00', '2026-01-13T21:23:00.817738+00:00', 'Trévoux', 'Airbnb', 997, 0, 997, 'Non payé', '', 0, NULL, FALSE, '1418fb94e984-145ad19cd9422823100c098aa2cd59e1@airbnb.com', TRUE, '2026-02-03T15:55:11.937+00:00', NULL, NULL) ON CONFLICT DO NOTHING;
INSERT INTO public."reservations" ("id", "owner_user_id", "gite_id", "check_in", "check_out", "client_name", "client_email", "client_phone", "client_address", "guest_count", "platform", "platform_booking_id", "status", "total_price", "currency", "paid_amount", "notes", "source", "synced_from", "created_at", "updated_at", "gite", "plateforme", "montant", "acompte", "restant", "paiement", "provenance", "nb_personnes", "telephone", "message_envoye", "ical_uid", "manual_override", "last_seen_in_ical", "check_in_time", "check_out_time") VALUES ('90b425cf-cb02-4d09-9a38-ad3b89d740b1'::uuid, '12296d3d-696b-4c5d-95b7-e0b3a1dd1814'::uuid, '2ee6c0bb-1a6a-4490-85e6-af75a1ff3f03'::uuid, '2026-02-22', '2026-02-26', 'REDACTED', NULL, NULL, NULL, 0, 'Abritel', NULL, 'confirmed', 1245, 'EUR', 0, NULL, 'ical', 'abritel', '2026-01-13T21:23:01.807895+00:00', '2026-02-23T17:12:36.298+00:00', 'Trévoux', 'Abritel', 1245, 0, 1245, 'Non payé', '', 0, NULL, FALSE, '0cba6702-2c18-4347-894e-d49eee9c1c81', TRUE, '2026-02-03T15:55:15.601+00:00', '15:00:00', '11:00:00') ON CONFLICT DO NOTHING;
INSERT INTO public."reservations" ("id", "owner_user_id", "gite_id", "check_in", "check_out", "client_name", "client_email", "client_phone", "client_address", "guest_count", "platform", "platform_booking_id", "status", "total_price", "currency", "paid_amount", "notes", "source", "synced_from", "created_at", "updated_at", "gite", "plateforme", "montant", "acompte", "restant", "paiement", "provenance", "nb_personnes", "telephone", "message_envoye", "ical_uid", "manual_override", "last_seen_in_ical", "check_in_time", "check_out_time") VALUES ('56696355-9cb6-4a95-bc45-6022ff118277'::uuid, '12296d3d-696b-4c5d-95b7-e0b3a1dd1814'::uuid, '2ee6c0bb-1a6a-4490-85e6-af75a1ff3f03'::uuid, '2026-05-14', '2026-05-17', 'REDACTED', NULL, NULL, NULL, 0, 'Abritel', NULL, 'confirmed', 1517, 'EUR', 0, NULL, 'ical', 'abritel', '2026-01-13T21:23:02.052406+00:00', '2026-01-13T21:23:02.052406+00:00', 'Trévoux', 'Abritel', 1517, 0, 1517, 'Non payé', '', 0, NULL, FALSE, '008ed9cb-87a7-42f6-a7f2-4579dc598818', TRUE, '2026-02-03T15:55:15.994+00:00', NULL, NULL) ON CONFLICT DO NOTHING;
INSERT INTO public."reservations" ("id", "owner_user_id", "gite_id", "check_in", "check_out", "client_name", "client_email", "client_phone", "client_address", "guest_count", "platform", "platform_booking_id", "status", "total_price", "currency", "paid_amount", "notes", "source", "synced_from", "created_at", "updated_at", "gite", "plateforme", "montant", "acompte", "restant", "paiement", "provenance", "nb_personnes", "telephone", "message_envoye", "ical_uid", "manual_override", "last_seen_in_ical", "check_in_time", "check_out_time") VALUES ('545ac8da-c691-418f-8e44-782aa32dce5e'::uuid, '12296d3d-696b-4c5d-95b7-e0b3a1dd1814'::uuid, '2ee6c0bb-1a6a-4490-85e6-af75a1ff3f03'::uuid, '2026-06-03', '2026-06-07', 'REDACTED', NULL, NULL, NULL, 0, 'Abritel', NULL, 'confirmed', 1791, 'EUR', 0, NULL, 'ical', 'abritel', '2026-01-13T21:23:02.172235+00:00', '2026-01-13T21:23:02.172235+00:00', 'Trévoux', 'Abritel', 1791, 0, 1791, 'Non payé', '', 0, NULL, FALSE, '1dda9e54-bf07-4e00-b16a-6b6794b58905', TRUE, '2026-02-03T15:55:16.172+00:00', NULL, NULL) ON CONFLICT DO NOTHING;
INSERT INTO public."reservations" ("id", "owner_user_id", "gite_id", "check_in", "check_out", "client_name", "client_email", "client_phone", "client_address", "guest_count", "platform", "platform_booking_id", "status", "total_price", "currency", "paid_amount", "notes", "source", "synced_from", "created_at", "updated_at", "gite", "plateforme", "montant", "acompte", "restant", "paiement", "provenance", "nb_personnes", "telephone", "message_envoye", "ical_uid", "manual_override", "last_seen_in_ical", "check_in_time", "check_out_time") VALUES ('feb33125-130a-4299-b9fd-1ea17784fc73'::uuid, '12296d3d-696b-4c5d-95b7-e0b3a1dd1814'::uuid, '2ee6c0bb-1a6a-4490-85e6-af75a1ff3f03'::uuid, '2026-01-12', '2026-01-16', 'REDACTED', NULL, NULL, NULL, 7, 'Airbnb', NULL, 'confirmed', 1137, 'EUR', 1, NULL, 'ical', 'airbnb', '2026-01-13T21:22:59.290582+00:00', '2026-01-13T21:22:59.290582+00:00', 'Trévoux', 'Airbnb', 1137, 1, 1136, 'Acompte versé', 'lyon', 7, NULL, FALSE, '1418fb94e984-eb2d14b69ebe688e413c6b588eadb73a@airbnb.com', TRUE, '2026-01-13T22:01:27.975+00:00', NULL, NULL) ON CONFLICT DO NOTHING;
INSERT INTO public."reservations" ("id", "owner_user_id", "gite_id", "check_in", "check_out", "client_name", "client_email", "client_phone", "client_address", "guest_count", "platform", "platform_booking_id", "status", "total_price", "currency", "paid_amount", "notes", "source", "synced_from", "created_at", "updated_at", "gite", "plateforme", "montant", "acompte", "restant", "paiement", "provenance", "nb_personnes", "telephone", "message_envoye", "ical_uid", "manual_override", "last_seen_in_ical", "check_in_time", "check_out_time") VALUES ('5b0f2cee-d090-4fc9-b66e-74cf4f9856fc'::uuid, '12296d3d-696b-4c5d-95b7-e0b3a1dd1814'::uuid, '655e201e-f0ae-40a1-90d7-1dd7876e5d97'::uuid, '2026-06-13', '2026-06-15', 'REDACTED', NULL, NULL, NULL, 9, 'Gîtes de France (centrale)', NULL, 'confirmed', 720, 'EUR', 0, NULL, 'ical', 'gites-de-france', '2026-02-19T09:29:04.897718+00:00', '2026-02-19T09:29:04.897718+00:00', 'Couzon', 'Gîtes de France (centrale)', 720, 0, 720, 'Non payé', '', 9, NULL, FALSE, '72ceb9051b554056b0b0fd4420c7edea', TRUE, '2026-02-19T11:55:47.041+00:00', NULL, NULL) ON CONFLICT DO NOTHING;
INSERT INTO public."reservations" ("id", "owner_user_id", "gite_id", "check_in", "check_out", "client_name", "client_email", "client_phone", "client_address", "guest_count", "platform", "platform_booking_id", "status", "total_price", "currency", "paid_amount", "notes", "source", "synced_from", "created_at", "updated_at", "gite", "plateforme", "montant", "acompte", "restant", "paiement", "provenance", "nb_personnes", "telephone", "message_envoye", "ical_uid", "manual_override", "last_seen_in_ical", "check_in_time", "check_out_time") VALUES ('19fa1075-82d8-45e8-ac6f-e1a5cf79909f'::uuid, '12296d3d-696b-4c5d-95b7-e0b3a1dd1814'::uuid, '2ee6c0bb-1a6a-4490-85e6-af75a1ff3f03'::uuid, '2026-12-22', '2026-12-26', 'REDACTED', NULL, NULL, NULL, 15, 'Airbnb', NULL, 'confirmed', 1821, 'EUR', 0, NULL, 'ical', 'airbnb', '2026-02-04T15:17:59.990061+00:00', '2026-02-04T15:17:59.990061+00:00', 'Trévoux', 'Airbnb', 1821, 0, 1821, 'Non payé', '', 15, NULL, FALSE, '1418fb94e984-7371baf5702637afb556b91be48892a7@airbnb.com', TRUE, '2026-02-04T15:18:00.622+00:00', NULL, NULL) ON CONFLICT DO NOTHING;
INSERT INTO public."reservations" ("id", "owner_user_id", "gite_id", "check_in", "check_out", "client_name", "client_email", "client_phone", "client_address", "guest_count", "platform", "platform_booking_id", "status", "total_price", "currency", "paid_amount", "notes", "source", "synced_from", "created_at", "updated_at", "gite", "plateforme", "montant", "acompte", "restant", "paiement", "provenance", "nb_personnes", "telephone", "message_envoye", "ical_uid", "manual_override", "last_seen_in_ical", "check_in_time", "check_out_time") VALUES ('bf1d1f04-b9a5-45a0-af3f-f94c0b731658'::uuid, '12296d3d-696b-4c5d-95b7-e0b3a1dd1814'::uuid, '2ee6c0bb-1a6a-4490-85e6-af75a1ff3f03'::uuid, '2026-08-01', '2026-08-10', 'REDACTED', NULL, NULL, NULL, 0, 'Abritel', NULL, 'confirmed', 0, 'EUR', 0, NULL, 'ical', 'abritel', '2026-02-23T17:27:18.24334+00:00', '2026-02-23T17:27:18.24334+00:00', 'Trévoux', 'Abritel', 0, 0, 0, 'Payé', NULL, 0, NULL, FALSE, 'ab45341c-362e-4918-b088-a983f987036d', FALSE, '2026-03-06T20:30:43.54+00:00', NULL, NULL) ON CONFLICT DO NOTHING;
INSERT INTO public."reservations" ("id", "owner_user_id", "gite_id", "check_in", "check_out", "client_name", "client_email", "client_phone", "client_address", "guest_count", "platform", "platform_booking_id", "status", "total_price", "currency", "paid_amount", "notes", "source", "synced_from", "created_at", "updated_at", "gite", "plateforme", "montant", "acompte", "restant", "paiement", "provenance", "nb_personnes", "telephone", "message_envoye", "ical_uid", "manual_override", "last_seen_in_ical", "check_in_time", "check_out_time") VALUES ('0539be77-c653-4f85-a462-955f7c8eec42'::uuid, '12296d3d-696b-4c5d-95b7-e0b3a1dd1814'::uuid, '2ee6c0bb-1a6a-4490-85e6-af75a1ff3f03'::uuid, '2026-10-02', '2026-10-04', 'REDACTED', NULL, NULL, NULL, 0, 'Abritel', NULL, 'confirmed', 0, 'EUR', 0, NULL, 'ical', 'abritel', '2026-03-01T18:34:39.640329+00:00', '2026-03-01T18:34:39.640329+00:00', 'Trévoux', 'Abritel', 0, 0, 0, 'Payé', NULL, 0, NULL, FALSE, '57700e88-99b6-4e72-aab4-63a6e7d21e8e', FALSE, '2026-03-06T20:30:43.909+00:00', NULL, NULL) ON CONFLICT DO NOTHING;
INSERT INTO public."reservations" ("id", "owner_user_id", "gite_id", "check_in", "check_out", "client_name", "client_email", "client_phone", "client_address", "guest_count", "platform", "platform_booking_id", "status", "total_price", "currency", "paid_amount", "notes", "source", "synced_from", "created_at", "updated_at", "gite", "plateforme", "montant", "acompte", "restant", "paiement", "provenance", "nb_personnes", "telephone", "message_envoye", "ical_uid", "manual_override", "last_seen_in_ical", "check_in_time", "check_out_time") VALUES ('e67cf176-7bfa-4eed-adf6-55f696287f22'::uuid, '12296d3d-696b-4c5d-95b7-e0b3a1dd1814'::uuid, '2ee6c0bb-1a6a-4490-85e6-af75a1ff3f03'::uuid, '2026-07-12', '2026-07-15', 'REDACTED', NULL, NULL, NULL, 8, 'Abritel', NULL, 'confirmed', 1547, 'EUR', 0, NULL, 'ical', 'abritel', '2026-02-15T10:14:20.353036+00:00', '2026-02-15T10:14:20.353036+00:00', 'Trévoux', 'Abritel', 1547, 0, 1547, 'Non payé', '', 8, NULL, FALSE, '47dc95a7-f2c4-4c8e-8512-51692b92ccda', TRUE, '2026-02-19T11:59:57.948+00:00', NULL, NULL) ON CONFLICT DO NOTHING;
INSERT INTO public."reservations" ("id", "owner_user_id", "gite_id", "check_in", "check_out", "client_name", "client_email", "client_phone", "client_address", "guest_count", "platform", "platform_booking_id", "status", "total_price", "currency", "paid_amount", "notes", "source", "synced_from", "created_at", "updated_at", "gite", "plateforme", "montant", "acompte", "restant", "paiement", "provenance", "nb_personnes", "telephone", "message_envoye", "ical_uid", "manual_override", "last_seen_in_ical", "check_in_time", "check_out_time") VALUES ('2c91c226-c348-4cec-b549-1756d638ffda'::uuid, '12296d3d-696b-4c5d-95b7-e0b3a1dd1814'::uuid, '2ee6c0bb-1a6a-4490-85e6-af75a1ff3f03'::uuid, '2026-08-03', '2026-08-08', 'REDACTED', NULL, NULL, NULL, 0, 'Abritel', NULL, 'cancelled', 0, 'EUR', 0, 'Annulée automatiquement (disparue du flux iCal)', 'ical', 'abritel', '2026-02-13T13:39:01.781527+00:00', '2026-02-13T13:39:01.781527+00:00', 'Trévoux', 'Abritel', 0, 0, 0, 'Payé', NULL, 0, NULL, FALSE, 'dfb47527-fb8f-44ab-ad53-4db52fa21849', FALSE, '2026-02-15T17:37:08.402+00:00', NULL, NULL) ON CONFLICT DO NOTHING;
INSERT INTO public."reservations" ("id", "owner_user_id", "gite_id", "check_in", "check_out", "client_name", "client_email", "client_phone", "client_address", "guest_count", "platform", "platform_booking_id", "status", "total_price", "currency", "paid_amount", "notes", "source", "synced_from", "created_at", "updated_at", "gite", "plateforme", "montant", "acompte", "restant", "paiement", "provenance", "nb_personnes", "telephone", "message_envoye", "ical_uid", "manual_override", "last_seen_in_ical", "check_in_time", "check_out_time") VALUES ('6e76252b-e8a1-4cc0-8308-c05c43bbe861'::uuid, '12296d3d-696b-4c5d-95b7-e0b3a1dd1814'::uuid, '655e201e-f0ae-40a1-90d7-1dd7876e5d97'::uuid, '2026-05-01', '2026-05-03', 'REDACTED', NULL, NULL, NULL, 0, 'Airbnb', NULL, 'confirmed', 3, 'EUR', 0, NULL, 'ical', 'airbnb', '2026-02-16T10:48:13.120097+00:00', '2026-02-16T10:48:13.120097+00:00', 'Couzon', 'Airbnb', 3, 0, 3, 'Non payé', '', 0, NULL, FALSE, '1418fb94e984-270305e79fc2a264182a93b0f2678def@airbnb.com', TRUE, '2026-02-19T12:00:58.339+00:00', NULL, NULL) ON CONFLICT DO NOTHING;
INSERT INTO public."reservations" ("id", "owner_user_id", "gite_id", "check_in", "check_out", "client_name", "client_email", "client_phone", "client_address", "guest_count", "platform", "platform_booking_id", "status", "total_price", "currency", "paid_amount", "notes", "source", "synced_from", "created_at", "updated_at", "gite", "plateforme", "montant", "acompte", "restant", "paiement", "provenance", "nb_personnes", "telephone", "message_envoye", "ical_uid", "manual_override", "last_seen_in_ical", "check_in_time", "check_out_time") VALUES ('b8587cbb-176b-49ad-bdad-370733c94feb'::uuid, '12296d3d-696b-4c5d-95b7-e0b3a1dd1814'::uuid, '2ee6c0bb-1a6a-4490-85e6-af75a1ff3f03'::uuid, '2026-01-22', '2026-01-25', 'REDACTED', NULL, NULL, NULL, 10, 'Airbnb', NULL, 'confirmed', 1060, 'EUR', 0, NULL, 'ical', 'airbnb', '2026-01-13T21:22:59.534229+00:00', '2026-01-28T21:35:41.038+00:00', 'Trévoux', 'Airbnb', 1060, 0, 1060, 'Non payé', 'lyon', 10, NULL, FALSE, '1418fb94e984-7122b97d862b7037d9951e1530de8d3e@airbnb.com', TRUE, '2026-01-19T22:15:54.854+00:00', '14:30:00', '14:00:00') ON CONFLICT DO NOTHING;
INSERT INTO public."reservations" ("id", "owner_user_id", "gite_id", "check_in", "check_out", "client_name", "client_email", "client_phone", "client_address", "guest_count", "platform", "platform_booking_id", "status", "total_price", "currency", "paid_amount", "notes", "source", "synced_from", "created_at", "updated_at", "gite", "plateforme", "montant", "acompte", "restant", "paiement", "provenance", "nb_personnes", "telephone", "message_envoye", "ical_uid", "manual_override", "last_seen_in_ical", "check_in_time", "check_out_time") VALUES ('6796ead9-2d44-495f-81b0-58400a9280e3'::uuid, '12296d3d-696b-4c5d-95b7-e0b3a1dd1814'::uuid, '2ee6c0bb-1a6a-4490-85e6-af75a1ff3f03'::uuid, '2026-01-04', '2026-01-09', 'REDACTED', NULL, NULL, NULL, 7, 'Gîtes de France (centrale)', NULL, 'confirmed', 1500, 'EUR', 0, NULL, 'ical', 'gites-de-france', '2026-01-13T21:23:02.478044+00:00', '2026-01-13T21:23:02.478044+00:00', 'Trévoux', 'Gîtes de France (centrale)', 1500, 0, 1500, 'Non payé', '', 7, NULL, FALSE, 'a7799deaca1868f873535d77a641ec50', TRUE, '2026-02-03T15:44:56.365+00:00', NULL, NULL) ON CONFLICT DO NOTHING;
INSERT INTO public."reservations" ("id", "owner_user_id", "gite_id", "check_in", "check_out", "client_name", "client_email", "client_phone", "client_address", "guest_count", "platform", "platform_booking_id", "status", "total_price", "currency", "paid_amount", "notes", "source", "synced_from", "created_at", "updated_at", "gite", "plateforme", "montant", "acompte", "restant", "paiement", "provenance", "nb_personnes", "telephone", "message_envoye", "ical_uid", "manual_override", "last_seen_in_ical", "check_in_time", "check_out_time") VALUES ('ca55fe96-e27a-446d-b561-6296aebbf74e'::uuid, '12296d3d-696b-4c5d-95b7-e0b3a1dd1814'::uuid, '2ee6c0bb-1a6a-4490-85e6-af75a1ff3f03'::uuid, '2026-02-09', '2026-02-13', 'REDACTED', NULL, NULL, NULL, 6, 'Gîtes de France (centrale)', NULL, 'confirmed', 1000, 'EUR', 0, NULL, 'ical', 'gites-de-france', '2026-01-13T21:23:02.827513+00:00', '2026-02-09T20:58:17.427+00:00', 'Trévoux', 'Gîtes de France (centrale)', 1000, 0, 1000, 'Non payé', '', 6, NULL, FALSE, '884aca79da6696aa0381fb1a256491ce', TRUE, '2026-02-03T15:55:17.701+00:00', NULL, '11:00:00') ON CONFLICT DO NOTHING;
INSERT INTO public."reservations" ("id", "owner_user_id", "gite_id", "check_in", "check_out", "client_name", "client_email", "client_phone", "client_address", "guest_count", "platform", "platform_booking_id", "status", "total_price", "currency", "paid_amount", "notes", "source", "synced_from", "created_at", "updated_at", "gite", "plateforme", "montant", "acompte", "restant", "paiement", "provenance", "nb_personnes", "telephone", "message_envoye", "ical_uid", "manual_override", "last_seen_in_ical", "check_in_time", "check_out_time") VALUES ('0e6d6434-5b05-4ef3-9616-f46cbfe7bba5'::uuid, '12296d3d-696b-4c5d-95b7-e0b3a1dd1814'::uuid, '2ee6c0bb-1a6a-4490-85e6-af75a1ff3f03'::uuid, '2026-02-20', '2026-02-22', 'REDACTED', NULL, NULL, NULL, 0, 'Airbnb', NULL, 'confirmed', 848, 'EUR', 0, NULL, 'ical', 'airbnb', '2026-01-13T21:22:59.764202+00:00', '2026-02-21T15:12:58.654+00:00', 'Trévoux', 'Airbnb', 848, 0, 848, 'Non payé', '', 0, NULL, FALSE, '1418fb94e984-76b218f11a215b4c407767f062e4a655@airbnb.com', TRUE, '2026-02-03T15:55:10.082+00:00', '15:00:00', '11:00:00') ON CONFLICT DO NOTHING;
INSERT INTO public."reservations" ("id", "owner_user_id", "gite_id", "check_in", "check_out", "client_name", "client_email", "client_phone", "client_address", "guest_count", "platform", "platform_booking_id", "status", "total_price", "currency", "paid_amount", "notes", "source", "synced_from", "created_at", "updated_at", "gite", "plateforme", "montant", "acompte", "restant", "paiement", "provenance", "nb_personnes", "telephone", "message_envoye", "ical_uid", "manual_override", "last_seen_in_ical", "check_in_time", "check_out_time") VALUES ('925c41f3-adfe-4573-82f0-fc80f9a5d2d0'::uuid, '12296d3d-696b-4c5d-95b7-e0b3a1dd1814'::uuid, '2ee6c0bb-1a6a-4490-85e6-af75a1ff3f03'::uuid, '2026-04-10', '2026-04-12', 'REDACTED', NULL, NULL, NULL, 0, 'Airbnb', NULL, 'confirmed', 997, 'EUR', 0, NULL, 'ical', 'airbnb', '2026-01-13T21:23:00.103712+00:00', '2026-01-13T21:23:00.103712+00:00', 'Trévoux', 'Airbnb', 997, 0, 997, 'Non payé', '', 0, NULL, FALSE, '1418fb94e984-68a8e39495a66b71d0e3bfb66bc80d5f@airbnb.com', TRUE, '2026-02-03T15:55:10.658+00:00', NULL, NULL) ON CONFLICT DO NOTHING;
INSERT INTO public."reservations" ("id", "owner_user_id", "gite_id", "check_in", "check_out", "client_name", "client_email", "client_phone", "client_address", "guest_count", "platform", "platform_booking_id", "status", "total_price", "currency", "paid_amount", "notes", "source", "synced_from", "created_at", "updated_at", "gite", "plateforme", "montant", "acompte", "restant", "paiement", "provenance", "nb_personnes", "telephone", "message_envoye", "ical_uid", "manual_override", "last_seen_in_ical", "check_in_time", "check_out_time") VALUES ('cdc13861-4d9c-4f1f-8897-f00e68004b06'::uuid, '12296d3d-696b-4c5d-95b7-e0b3a1dd1814'::uuid, '2ee6c0bb-1a6a-4490-85e6-af75a1ff3f03'::uuid, '2026-04-24', '2026-04-27', 'REDACTED', NULL, NULL, NULL, 0, 'Airbnb', NULL, 'confirmed', 1409, 'EUR', 0, NULL, 'ical', 'airbnb', '2026-01-13T21:23:00.219378+00:00', '2026-01-13T21:23:00.219378+00:00', 'Trévoux', 'Airbnb', 1409, 0, 1409, 'Non payé', '', 0, NULL, FALSE, '1418fb94e984-d9a4a951d07065f0dd3afa1565a60cfe@airbnb.com', TRUE, '2026-02-03T15:55:10.837+00:00', NULL, NULL) ON CONFLICT DO NOTHING;
INSERT INTO public."reservations" ("id", "owner_user_id", "gite_id", "check_in", "check_out", "client_name", "client_email", "client_phone", "client_address", "guest_count", "platform", "platform_booking_id", "status", "total_price", "currency", "paid_amount", "notes", "source", "synced_from", "created_at", "updated_at", "gite", "plateforme", "montant", "acompte", "restant", "paiement", "provenance", "nb_personnes", "telephone", "message_envoye", "ical_uid", "manual_override", "last_seen_in_ical", "check_in_time", "check_out_time") VALUES ('ad6630a6-bef7-4e1e-9e56-146be9978692'::uuid, '12296d3d-696b-4c5d-95b7-e0b3a1dd1814'::uuid, '2ee6c0bb-1a6a-4490-85e6-af75a1ff3f03'::uuid, '2026-08-28', '2026-08-30', 'REDACTED', NULL, NULL, NULL, 0, 'Airbnb', NULL, 'confirmed', 997, 'EUR', 0, NULL, 'ical', 'airbnb', '2026-01-13T21:23:00.693984+00:00', '2026-01-13T21:23:00.693984+00:00', 'Trévoux', 'Airbnb', 997, 0, 997, 'Non payé', '', 0, NULL, FALSE, '1418fb94e984-7e172d212e6ad4e0c3fd36aed9fe8f2a@airbnb.com', TRUE, '2026-02-03T15:55:11.56+00:00', NULL, NULL) ON CONFLICT DO NOTHING;
INSERT INTO public."reservations" ("id", "owner_user_id", "gite_id", "check_in", "check_out", "client_name", "client_email", "client_phone", "client_address", "guest_count", "platform", "platform_booking_id", "status", "total_price", "currency", "paid_amount", "notes", "source", "synced_from", "created_at", "updated_at", "gite", "plateforme", "montant", "acompte", "restant", "paiement", "provenance", "nb_personnes", "telephone", "message_envoye", "ical_uid", "manual_override", "last_seen_in_ical", "check_in_time", "check_out_time") VALUES ('804f85f4-a0e1-4f01-99ac-6785ce755c0f'::uuid, '12296d3d-696b-4c5d-95b7-e0b3a1dd1814'::uuid, '655e201e-f0ae-40a1-90d7-1dd7876e5d97'::uuid, '2026-02-20', '2026-02-22', 'REDACTED', NULL, NULL, NULL, 0, 'Airbnb', NULL, 'confirmed', 694, 'EUR', 0, NULL, 'ical', 'airbnb', '2026-01-13T21:23:03.471596+00:00', '2026-01-13T21:23:03.471596+00:00', 'Couzon', 'Airbnb', 694, 0, 694, 'Non payé', '', 0, NULL, FALSE, '1418fb94e984-654a1869df8b2fa080121ef4f9fdfd11@airbnb.com', TRUE, '2026-02-03T15:55:19.633+00:00', NULL, NULL) ON CONFLICT DO NOTHING;
INSERT INTO public."reservations" ("id", "owner_user_id", "gite_id", "check_in", "check_out", "client_name", "client_email", "client_phone", "client_address", "guest_count", "platform", "platform_booking_id", "status", "total_price", "currency", "paid_amount", "notes", "source", "synced_from", "created_at", "updated_at", "gite", "plateforme", "montant", "acompte", "restant", "paiement", "provenance", "nb_personnes", "telephone", "message_envoye", "ical_uid", "manual_override", "last_seen_in_ical", "check_in_time", "check_out_time") VALUES ('dc2a6231-6436-4b97-babb-b05d25977130'::uuid, '12296d3d-696b-4c5d-95b7-e0b3a1dd1814'::uuid, '655e201e-f0ae-40a1-90d7-1dd7876e5d97'::uuid, '2026-05-14', '2026-05-17', 'REDACTED', NULL, NULL, NULL, 0, 'Airbnb', NULL, 'confirmed', 915, 'EUR', 0, NULL, 'ical', 'airbnb', '2026-01-13T21:23:03.813096+00:00', '2026-01-13T21:23:03.813096+00:00', 'Couzon', 'Airbnb', 915, 0, 915, 'Non payé', '', 0, NULL, FALSE, '1418fb94e984-f7949dc4e765843dbb39dada3d2ecb01@airbnb.com', TRUE, '2026-02-03T15:55:20.399+00:00', NULL, NULL) ON CONFLICT DO NOTHING;
INSERT INTO public."reservations" ("id", "owner_user_id", "gite_id", "check_in", "check_out", "client_name", "client_email", "client_phone", "client_address", "guest_count", "platform", "platform_booking_id", "status", "total_price", "currency", "paid_amount", "notes", "source", "synced_from", "created_at", "updated_at", "gite", "plateforme", "montant", "acompte", "restant", "paiement", "provenance", "nb_personnes", "telephone", "message_envoye", "ical_uid", "manual_override", "last_seen_in_ical", "check_in_time", "check_out_time") VALUES ('0ade01bc-9459-429a-b0f4-f5c2bd5eab17'::uuid, '12296d3d-696b-4c5d-95b7-e0b3a1dd1814'::uuid, '2ee6c0bb-1a6a-4490-85e6-af75a1ff3f03'::uuid, '2026-04-13', '2026-04-17', 'REDACTED', NULL, NULL, NULL, 0, 'Gîtes de France (centrale)', NULL, 'confirmed', 859, 'EUR', 0, NULL, 'ical', 'gites-de-france', '2026-02-02T09:22:08.810466+00:00', '2026-02-02T09:22:08.810466+00:00', 'Trévoux', 'Gîtes de France (centrale)', 859, 0, 859, 'Non payé', '', 0, NULL, FALSE, '030c36b94f3b4757e4be9d5963b4201c', TRUE, '2026-02-03T15:55:18.072+00:00', NULL, NULL) ON CONFLICT DO NOTHING;
INSERT INTO public."reservations" ("id", "owner_user_id", "gite_id", "check_in", "check_out", "client_name", "client_email", "client_phone", "client_address", "guest_count", "platform", "platform_booking_id", "status", "total_price", "currency", "paid_amount", "notes", "source", "synced_from", "created_at", "updated_at", "gite", "plateforme", "montant", "acompte", "restant", "paiement", "provenance", "nb_personnes", "telephone", "message_envoye", "ical_uid", "manual_override", "last_seen_in_ical", "check_in_time", "check_out_time") VALUES ('523e5311-e632-4706-a5f5-f4577c0277dd'::uuid, '12296d3d-696b-4c5d-95b7-e0b3a1dd1814'::uuid, '2ee6c0bb-1a6a-4490-85e6-af75a1ff3f03'::uuid, '2026-07-10', '2026-07-12', 'REDACTED', NULL, NULL, NULL, 0, 'Abritel', NULL, 'confirmed', 993, 'EUR', 0, NULL, 'ical', 'abritel', '2026-01-13T21:23:02.298713+00:00', '2026-01-13T21:23:02.298713+00:00', 'Trévoux', 'Abritel', 993, 0, 993, 'Non payé', '', 0, NULL, FALSE, 'c8b7718d-baff-4d65-ba2d-a8d5474e0884', TRUE, '2026-02-03T15:55:16.354+00:00', NULL, NULL) ON CONFLICT DO NOTHING;
INSERT INTO public."reservations" ("id", "owner_user_id", "gite_id", "check_in", "check_out", "client_name", "client_email", "client_phone", "client_address", "guest_count", "platform", "platform_booking_id", "status", "total_price", "currency", "paid_amount", "notes", "source", "synced_from", "created_at", "updated_at", "gite", "plateforme", "montant", "acompte", "restant", "paiement", "provenance", "nb_personnes", "telephone", "message_envoye", "ical_uid", "manual_override", "last_seen_in_ical", "check_in_time", "check_out_time") VALUES ('fbf54c0d-7328-44a7-97c4-2288bfbf68bc'::uuid, '12296d3d-696b-4c5d-95b7-e0b3a1dd1814'::uuid, '655e201e-f0ae-40a1-90d7-1dd7876e5d97'::uuid, '2026-02-22', '2026-02-25', 'REDACTED', NULL, NULL, NULL, 0, 'Abritel', NULL, 'confirmed', 633, 'EUR', 0, NULL, 'ical', 'abritel', '2026-01-13T21:23:18.576727+00:00', '2026-01-13T21:23:18.576727+00:00', 'Couzon', 'Abritel', 633, 0, 633, 'Non payé', '', 0, NULL, FALSE, 'c27b322b-f530-4aa7-9f3b-ffa617bce71d', TRUE, '2026-02-03T15:55:22.927+00:00', NULL, NULL) ON CONFLICT DO NOTHING;
INSERT INTO public."reservations" ("id", "owner_user_id", "gite_id", "check_in", "check_out", "client_name", "client_email", "client_phone", "client_address", "guest_count", "platform", "platform_booking_id", "status", "total_price", "currency", "paid_amount", "notes", "source", "synced_from", "created_at", "updated_at", "gite", "plateforme", "montant", "acompte", "restant", "paiement", "provenance", "nb_personnes", "telephone", "message_envoye", "ical_uid", "manual_override", "last_seen_in_ical", "check_in_time", "check_out_time") VALUES ('7ee3b5fe-2aff-4947-bda3-ac7d7e4644ea'::uuid, '12296d3d-696b-4c5d-95b7-e0b3a1dd1814'::uuid, '2ee6c0bb-1a6a-4490-85e6-af75a1ff3f03'::uuid, '2026-10-23', '2026-10-25', 'REDACTED', NULL, NULL, NULL, 0, 'Airbnb', NULL, 'confirmed', 0, 'EUR', 0, NULL, 'ical', 'airbnb', '2026-02-11T20:46:23.092352+00:00', '2026-02-11T20:46:23.092352+00:00', 'Trévoux', 'Airbnb', 0, 0, 0, 'Payé', NULL, 0, NULL, FALSE, '1418fb94e984-60772e7e73d3281729e1059df6263934@airbnb.com', FALSE, '2026-03-06T20:30:38.78+00:00', NULL, NULL) ON CONFLICT DO NOTHING;
INSERT INTO public."reservations" ("id", "owner_user_id", "gite_id", "check_in", "check_out", "client_name", "client_email", "client_phone", "client_address", "guest_count", "platform", "platform_booking_id", "status", "total_price", "currency", "paid_amount", "notes", "source", "synced_from", "created_at", "updated_at", "gite", "plateforme", "montant", "acompte", "restant", "paiement", "provenance", "nb_personnes", "telephone", "message_envoye", "ical_uid", "manual_override", "last_seen_in_ical", "check_in_time", "check_out_time") VALUES ('0903a12d-f615-4ae6-a60f-4c70018b0b0d'::uuid, '12296d3d-696b-4c5d-95b7-e0b3a1dd1814'::uuid, '2ee6c0bb-1a6a-4490-85e6-af75a1ff3f03'::uuid, '2026-05-22', '2026-05-25', 'REDACTED', NULL, NULL, NULL, 14, 'Gîtes de France (centrale)', NULL, 'confirmed', 1500, 'EUR', 0, NULL, 'ical', 'gites-de-france', '2026-01-13T21:23:03.188532+00:00', '2026-01-13T21:23:03.188532+00:00', 'Trévoux', 'Gîtes de France (centrale)', 1500, 0, 1500, 'Non payé', '', 14, NULL, FALSE, '0309704739a13d1faebb9037c5412fb1', TRUE, '2026-02-03T15:55:18.429+00:00', NULL, NULL) ON CONFLICT DO NOTHING;
INSERT INTO public."reservations" ("id", "owner_user_id", "gite_id", "check_in", "check_out", "client_name", "client_email", "client_phone", "client_address", "guest_count", "platform", "platform_booking_id", "status", "total_price", "currency", "paid_amount", "notes", "source", "synced_from", "created_at", "updated_at", "gite", "plateforme", "montant", "acompte", "restant", "paiement", "provenance", "nb_personnes", "telephone", "message_envoye", "ical_uid", "manual_override", "last_seen_in_ical", "check_in_time", "check_out_time") VALUES ('01df1c13-10b5-466b-97a1-e39116e6ccf2'::uuid, '12296d3d-696b-4c5d-95b7-e0b3a1dd1814'::uuid, '655e201e-f0ae-40a1-90d7-1dd7876e5d97'::uuid, '2026-08-20', '2026-08-24', 'REDACTED', NULL, NULL, NULL, 0, 'Abritel', NULL, 'confirmed', 0, 'EUR', 0, NULL, 'ical', 'abritel', '2026-02-23T08:51:39.424247+00:00', '2026-02-23T08:51:39.424247+00:00', 'Couzon', 'Abritel', 0, 0, 0, 'Payé', NULL, 0, NULL, FALSE, '6de98a84-c952-4db8-91de-76d45730e571', FALSE, '2026-03-06T20:31:03.454+00:00', NULL, NULL) ON CONFLICT DO NOTHING;
INSERT INTO public."reservations" ("id", "owner_user_id", "gite_id", "check_in", "check_out", "client_name", "client_email", "client_phone", "client_address", "guest_count", "platform", "platform_booking_id", "status", "total_price", "currency", "paid_amount", "notes", "source", "synced_from", "created_at", "updated_at", "gite", "plateforme", "montant", "acompte", "restant", "paiement", "provenance", "nb_personnes", "telephone", "message_envoye", "ical_uid", "manual_override", "last_seen_in_ical", "check_in_time", "check_out_time") VALUES ('3d2cc4f9-2648-4a7f-8fbf-9862fd6b446d'::uuid, '12296d3d-696b-4c5d-95b7-e0b3a1dd1814'::uuid, '655e201e-f0ae-40a1-90d7-1dd7876e5d97'::uuid, '2026-04-03', '2026-04-06', 'REDACTED', NULL, NULL, NULL, 8, 'Airbnb', NULL, 'confirmed', 1311, 'EUR', 0, NULL, 'ical', 'airbnb', '2026-02-09T13:44:47.895737+00:00', '2026-02-09T13:44:47.895737+00:00', 'Couzon', 'Airbnb', 1311, 0, 1311, 'Non payé', 'Ougney', 8, NULL, FALSE, '1418fb94e984-98a699a55e804556ecdd381a2356bfcb@airbnb.com', TRUE, '2026-02-09T13:45:31.101+00:00', NULL, NULL) ON CONFLICT DO NOTHING;
INSERT INTO public."reservations" ("id", "owner_user_id", "gite_id", "check_in", "check_out", "client_name", "client_email", "client_phone", "client_address", "guest_count", "platform", "platform_booking_id", "status", "total_price", "currency", "paid_amount", "notes", "source", "synced_from", "created_at", "updated_at", "gite", "plateforme", "montant", "acompte", "restant", "paiement", "provenance", "nb_personnes", "telephone", "message_envoye", "ical_uid", "manual_override", "last_seen_in_ical", "check_in_time", "check_out_time") VALUES ('af65cea0-3994-4f9c-922b-4cbe98e98abd'::uuid, '12296d3d-696b-4c5d-95b7-e0b3a1dd1814'::uuid, '2ee6c0bb-1a6a-4490-85e6-af75a1ff3f03'::uuid, '2026-06-12', '2026-06-14', 'REDACTED', NULL, NULL, NULL, 0, 'Airbnb', NULL, 'confirmed', 0, 'EUR', 0, NULL, 'ical', 'airbnb', '2026-02-11T20:46:22.449811+00:00', '2026-02-11T20:46:22.449811+00:00', 'Trévoux', 'Airbnb', 0, 0, 0, 'Payé', NULL, 0, NULL, FALSE, '1418fb94e984-60fe4e6ffed246f19c74b8c7476c98b3@airbnb.com', FALSE, '2026-03-06T20:30:38.132+00:00', NULL, NULL) ON CONFLICT DO NOTHING;
INSERT INTO public."reservations" ("id", "owner_user_id", "gite_id", "check_in", "check_out", "client_name", "client_email", "client_phone", "client_address", "guest_count", "platform", "platform_booking_id", "status", "total_price", "currency", "paid_amount", "notes", "source", "synced_from", "created_at", "updated_at", "gite", "plateforme", "montant", "acompte", "restant", "paiement", "provenance", "nb_personnes", "telephone", "message_envoye", "ical_uid", "manual_override", "last_seen_in_ical", "check_in_time", "check_out_time") VALUES ('d66c0bad-4ba7-42de-992e-ab3c3fdbd0d6'::uuid, '12296d3d-696b-4c5d-95b7-e0b3a1dd1814'::uuid, '2ee6c0bb-1a6a-4490-85e6-af75a1ff3f03'::uuid, '2026-09-11', '2026-09-13', 'REDACTED', NULL, NULL, NULL, 0, 'Airbnb', NULL, 'confirmed', 0, 'EUR', 0, NULL, 'ical', 'airbnb', '2026-02-23T17:12:30.809774+00:00', '2026-02-23T17:12:30.809774+00:00', 'Trévoux', 'Airbnb', 0, 0, 0, 'Payé', NULL, 0, NULL, FALSE, '1418fb94e984-63e0aceb9717b112145eadd3d2f05e41@airbnb.com', FALSE, '2026-03-06T20:30:38.456+00:00', NULL, NULL) ON CONFLICT DO NOTHING;
INSERT INTO public."reservations" ("id", "owner_user_id", "gite_id", "check_in", "check_out", "client_name", "client_email", "client_phone", "client_address", "guest_count", "platform", "platform_booking_id", "status", "total_price", "currency", "paid_amount", "notes", "source", "synced_from", "created_at", "updated_at", "gite", "plateforme", "montant", "acompte", "restant", "paiement", "provenance", "nb_personnes", "telephone", "message_envoye", "ical_uid", "manual_override", "last_seen_in_ical", "check_in_time", "check_out_time") VALUES ('0b2e3989-ce6c-4e1b-8410-75bc70b45a73'::uuid, '12296d3d-696b-4c5d-95b7-e0b3a1dd1814'::uuid, '655e201e-f0ae-40a1-90d7-1dd7876e5d97'::uuid, '2026-02-27', '2026-03-02', 'REDACTED', NULL, NULL, NULL, 0, 'Airbnb', NULL, 'confirmed', 906, 'EUR', 0, NULL, 'ical', 'airbnb', '2026-02-02T09:22:17.361708+00:00', '2026-02-02T09:22:17.361708+00:00', 'Couzon', 'Airbnb', 906, 0, 906, 'Non payé', '', 0, NULL, FALSE, '1418fb94e984-f17837035cbafbb10d41cea775cb6792@airbnb.com', TRUE, '2026-02-03T15:55:19.823+00:00', NULL, NULL) ON CONFLICT DO NOTHING;
INSERT INTO public."reservations" ("id", "owner_user_id", "gite_id", "check_in", "check_out", "client_name", "client_email", "client_phone", "client_address", "guest_count", "platform", "platform_booking_id", "status", "total_price", "currency", "paid_amount", "notes", "source", "synced_from", "created_at", "updated_at", "gite", "plateforme", "montant", "acompte", "restant", "paiement", "provenance", "nb_personnes", "telephone", "message_envoye", "ical_uid", "manual_override", "last_seen_in_ical", "check_in_time", "check_out_time") VALUES ('68714254-61c7-41b5-95aa-8d9f963ece6a'::uuid, '12296d3d-696b-4c5d-95b7-e0b3a1dd1814'::uuid, '655e201e-f0ae-40a1-90d7-1dd7876e5d97'::uuid, '2026-03-06', '2026-03-08', 'REDACTED', NULL, NULL, NULL, 0, 'Airbnb', NULL, 'confirmed', 573, 'EUR', 0, NULL, 'ical', 'airbnb', '2026-01-13T21:23:03.585389+00:00', '2026-03-02T21:37:23.62+00:00', 'Couzon', 'Airbnb', 573, 0, 573, 'Non payé', '', 0, NULL, FALSE, '1418fb94e984-9f63bfbe936e04c0e3e7b039b7fbce6a@airbnb.com', TRUE, '2026-02-03T15:55:20.006+00:00', '16:00:00', '13:00:00') ON CONFLICT DO NOTHING;
INSERT INTO public."reservations" ("id", "owner_user_id", "gite_id", "check_in", "check_out", "client_name", "client_email", "client_phone", "client_address", "guest_count", "platform", "platform_booking_id", "status", "total_price", "currency", "paid_amount", "notes", "source", "synced_from", "created_at", "updated_at", "gite", "plateforme", "montant", "acompte", "restant", "paiement", "provenance", "nb_personnes", "telephone", "message_envoye", "ical_uid", "manual_override", "last_seen_in_ical", "check_in_time", "check_out_time") VALUES ('4d3da103-dcc0-4092-84d0-83032b3c9c4d'::uuid, '12296d3d-696b-4c5d-95b7-e0b3a1dd1814'::uuid, '655e201e-f0ae-40a1-90d7-1dd7876e5d97'::uuid, '2026-05-22', '2026-05-24', 'REDACTED', NULL, NULL, NULL, 0, 'Airbnb', NULL, 'confirmed', 652, 'EUR', 0, NULL, 'ical', 'airbnb', '2026-01-13T21:23:03.93541+00:00', '2026-01-13T21:23:03.93541+00:00', 'Couzon', 'Airbnb', 652, 0, 652, 'Non payé', '', 0, NULL, FALSE, '1418fb94e984-a2c4881b934480465858dd495f298e07@airbnb.com', TRUE, '2026-02-03T15:55:20.58+00:00', NULL, NULL) ON CONFLICT DO NOTHING;
INSERT INTO public."reservations" ("id", "owner_user_id", "gite_id", "check_in", "check_out", "client_name", "client_email", "client_phone", "client_address", "guest_count", "platform", "platform_booking_id", "status", "total_price", "currency", "paid_amount", "notes", "source", "synced_from", "created_at", "updated_at", "gite", "plateforme", "montant", "acompte", "restant", "paiement", "provenance", "nb_personnes", "telephone", "message_envoye", "ical_uid", "manual_override", "last_seen_in_ical", "check_in_time", "check_out_time") VALUES ('00fe2b82-b624-4f3d-8a9c-bf79ee93cf31'::uuid, '12296d3d-696b-4c5d-95b7-e0b3a1dd1814'::uuid, '655e201e-f0ae-40a1-90d7-1dd7876e5d97'::uuid, '2026-05-30', '2026-06-06', 'REDACTED', NULL, NULL, NULL, 6, 'Abritel', NULL, 'confirmed', 1720, 'EUR', 0, NULL, 'ical', 'abritel', '2026-01-13T21:23:18.748389+00:00', '2026-01-13T21:23:18.748389+00:00', 'Couzon', 'Abritel', 1720, 0, 1720, 'Non payé', '', 6, NULL, FALSE, 'be21d117-cc29-4252-9698-38394ec29906', TRUE, '2026-02-03T15:55:23.127+00:00', NULL, NULL) ON CONFLICT DO NOTHING;
INSERT INTO public."reservations" ("id", "owner_user_id", "gite_id", "check_in", "check_out", "client_name", "client_email", "client_phone", "client_address", "guest_count", "platform", "platform_booking_id", "status", "total_price", "currency", "paid_amount", "notes", "source", "synced_from", "created_at", "updated_at", "gite", "plateforme", "montant", "acompte", "restant", "paiement", "provenance", "nb_personnes", "telephone", "message_envoye", "ical_uid", "manual_override", "last_seen_in_ical", "check_in_time", "check_out_time") VALUES ('339d619e-c83b-418f-a740-3fa97289e93d'::uuid, '12296d3d-696b-4c5d-95b7-e0b3a1dd1814'::uuid, '2ee6c0bb-1a6a-4490-85e6-af75a1ff3f03'::uuid, '2026-03-16', '2026-03-20', 'REDACTED', NULL, NULL, NULL, 6, 'Gîtes de France (centrale)', NULL, 'confirmed', 1000, 'EUR', 0, NULL, 'ical', 'gites-de-france', '2026-01-13T21:23:02.944791+00:00', '2026-01-13T21:23:02.944791+00:00', 'Trévoux', 'Gîtes de France (centrale)', 1000, 0, 1000, 'Non payé', '', 6, NULL, FALSE, 'e3f3ac0b6364c3238fa3ee25540a0956', TRUE, '2026-02-03T15:55:17.891+00:00', NULL, NULL) ON CONFLICT DO NOTHING;
INSERT INTO public."reservations" ("id", "owner_user_id", "gite_id", "check_in", "check_out", "client_name", "client_email", "client_phone", "client_address", "guest_count", "platform", "platform_booking_id", "status", "total_price", "currency", "paid_amount", "notes", "source", "synced_from", "created_at", "updated_at", "gite", "plateforme", "montant", "acompte", "restant", "paiement", "provenance", "nb_personnes", "telephone", "message_envoye", "ical_uid", "manual_override", "last_seen_in_ical", "check_in_time", "check_out_time") VALUES ('c50197ea-5c76-424e-8c7c-f9d9ed237a94'::uuid, '12296d3d-696b-4c5d-95b7-e0b3a1dd1814'::uuid, '655e201e-f0ae-40a1-90d7-1dd7876e5d97'::uuid, '2026-07-18', '2026-07-25', 'REDACTED', NULL, NULL, NULL, 9, 'Abritel', NULL, 'confirmed', 1349, 'EUR', 0, NULL, 'ical', 'abritel', '2026-02-11T20:46:26.297329+00:00', '2026-02-11T20:46:26.297329+00:00', 'Couzon', 'Abritel', 1349, 0, 1349, 'Non payé', '', 9, NULL, FALSE, 'a865dbea-381a-4a8a-9634-60a548a88ff0', TRUE, '2026-02-19T12:18:04.983+00:00', NULL, NULL) ON CONFLICT DO NOTHING;
INSERT INTO public."reservations" ("id", "owner_user_id", "gite_id", "check_in", "check_out", "client_name", "client_email", "client_phone", "client_address", "guest_count", "platform", "platform_booking_id", "status", "total_price", "currency", "paid_amount", "notes", "source", "synced_from", "created_at", "updated_at", "gite", "plateforme", "montant", "acompte", "restant", "paiement", "provenance", "nb_personnes", "telephone", "message_envoye", "ical_uid", "manual_override", "last_seen_in_ical", "check_in_time", "check_out_time") VALUES ('4830264d-81c1-47b2-83fe-7543e28c0bfe'::uuid, '12296d3d-696b-4c5d-95b7-e0b3a1dd1814'::uuid, '655e201e-f0ae-40a1-90d7-1dd7876e5d97'::uuid, '2026-03-13', '2026-03-15', 'REDACTED', NULL, NULL, NULL, 10, 'Airbnb', NULL, 'confirmed', 829, 'EUR', 0, NULL, 'ical', 'airbnb', '2026-02-09T19:59:17.426884+00:00', '2026-02-09T19:59:17.426884+00:00', 'Couzon', 'Airbnb', 829, 0, 829, 'Non payé', 'meximieux', 10, NULL, FALSE, '1418fb94e984-6e355bb74a40cd030ea13fe1da763f42@airbnb.com', TRUE, '2026-02-09T19:59:17.525+00:00', NULL, NULL) ON CONFLICT DO NOTHING;
INSERT INTO public."reservations" ("id", "owner_user_id", "gite_id", "check_in", "check_out", "client_name", "client_email", "client_phone", "client_address", "guest_count", "platform", "platform_booking_id", "status", "total_price", "currency", "paid_amount", "notes", "source", "synced_from", "created_at", "updated_at", "gite", "plateforme", "montant", "acompte", "restant", "paiement", "provenance", "nb_personnes", "telephone", "message_envoye", "ical_uid", "manual_override", "last_seen_in_ical", "check_in_time", "check_out_time") VALUES ('e5da4519-7d2b-4ede-bcd2-b30343f134ef'::uuid, '12296d3d-696b-4c5d-95b7-e0b3a1dd1814'::uuid, '655e201e-f0ae-40a1-90d7-1dd7876e5d97'::uuid, '2026-01-30', '2026-02-01', 'REDACTED', NULL, NULL, NULL, 7, 'Airbnb', NULL, 'confirmed', 751, 'EUR', 0, NULL, 'ical', 'airbnb', '2026-01-13T21:23:03.358052+00:00', '2026-01-13T21:23:03.358052+00:00', 'Couzon', 'Airbnb', 751, 0, 751, 'Non payé', '', 7, NULL, FALSE, '1418fb94e984-23fa518c1af3445b80f2cef0a0d8e24c@airbnb.com', TRUE, '2026-02-02T09:22:17.603+00:00', NULL, NULL) ON CONFLICT DO NOTHING;
INSERT INTO public."reservations" ("id", "owner_user_id", "gite_id", "check_in", "check_out", "client_name", "client_email", "client_phone", "client_address", "guest_count", "platform", "platform_booking_id", "status", "total_price", "currency", "paid_amount", "notes", "source", "synced_from", "created_at", "updated_at", "gite", "plateforme", "montant", "acompte", "restant", "paiement", "provenance", "nb_personnes", "telephone", "message_envoye", "ical_uid", "manual_override", "last_seen_in_ical", "check_in_time", "check_out_time") VALUES ('8f398bd1-7519-489c-9510-d91c3e71c466'::uuid, '12296d3d-696b-4c5d-95b7-e0b3a1dd1814'::uuid, '655e201e-f0ae-40a1-90d7-1dd7876e5d97'::uuid, '2026-01-05', '2026-01-09', 'REDACTED', NULL, NULL, NULL, 6, 'Gîtes de France (centrale)', NULL, 'confirmed', 1000, 'EUR', 0, NULL, 'ical', 'gites-de-france', '2026-01-13T21:23:28.835582+00:00', '2026-01-13T21:23:28.835582+00:00', 'Couzon', 'Gîtes de France (centrale)', 1000, 0, 1000, 'Non payé', '', 6, NULL, FALSE, 'deaad09f89fed900e912bd449deddb6e', TRUE, '2026-02-03T15:44:48.455+00:00', NULL, NULL) ON CONFLICT DO NOTHING;
INSERT INTO public."reservations" ("id", "owner_user_id", "gite_id", "check_in", "check_out", "client_name", "client_email", "client_phone", "client_address", "guest_count", "platform", "platform_booking_id", "status", "total_price", "currency", "paid_amount", "notes", "source", "synced_from", "created_at", "updated_at", "gite", "plateforme", "montant", "acompte", "restant", "paiement", "provenance", "nb_personnes", "telephone", "message_envoye", "ical_uid", "manual_override", "last_seen_in_ical", "check_in_time", "check_out_time") VALUES ('c061820e-998c-4308-9726-85bc4788222f'::uuid, '12296d3d-696b-4c5d-95b7-e0b3a1dd1814'::uuid, '655e201e-f0ae-40a1-90d7-1dd7876e5d97'::uuid, '2026-04-10', '2026-04-13', 'REDACTED', NULL, NULL, NULL, 0, 'Airbnb', NULL, 'confirmed', 864, 'EUR', 0, NULL, 'ical', 'airbnb', '2026-01-13T21:23:03.698627+00:00', '2026-01-13T21:23:03.698627+00:00', 'Couzon', 'Airbnb', 864, 0, 864, 'Non payé', '', 0, NULL, FALSE, '1418fb94e984-c6dcfb16597c8cc187f072790a92826a@airbnb.com', TRUE, '2026-02-03T15:55:20.22+00:00', NULL, NULL) ON CONFLICT DO NOTHING;
INSERT INTO public."reservations" ("id", "owner_user_id", "gite_id", "check_in", "check_out", "client_name", "client_email", "client_phone", "client_address", "guest_count", "platform", "platform_booking_id", "status", "total_price", "currency", "paid_amount", "notes", "source", "synced_from", "created_at", "updated_at", "gite", "plateforme", "montant", "acompte", "restant", "paiement", "provenance", "nb_personnes", "telephone", "message_envoye", "ical_uid", "manual_override", "last_seen_in_ical", "check_in_time", "check_out_time") VALUES ('177374a0-9dde-432e-a8e9-bb8d2f9ad108'::uuid, '12296d3d-696b-4c5d-95b7-e0b3a1dd1814'::uuid, '2ee6c0bb-1a6a-4490-85e6-af75a1ff3f03'::uuid, '2026-04-20', '2026-04-24', 'REDACTED', NULL, NULL, NULL, 6, 'Gîtes de France (centrale)', NULL, 'confirmed', 1000, 'EUR', 0, NULL, 'ical', 'gites-de-france', '2026-01-13T21:23:03.056589+00:00', '2026-01-13T21:23:03.056589+00:00', 'Trévoux', 'Gîtes de France (centrale)', 1000, 0, 1000, 'Non payé', '', 6, NULL, FALSE, '4ef307642a8430df8370fd4d685bb647', TRUE, '2026-02-03T15:55:18.251+00:00', NULL, NULL) ON CONFLICT DO NOTHING;
INSERT INTO public."reservations" ("id", "owner_user_id", "gite_id", "check_in", "check_out", "client_name", "client_email", "client_phone", "client_address", "guest_count", "platform", "platform_booking_id", "status", "total_price", "currency", "paid_amount", "notes", "source", "synced_from", "created_at", "updated_at", "gite", "plateforme", "montant", "acompte", "restant", "paiement", "provenance", "nb_personnes", "telephone", "message_envoye", "ical_uid", "manual_override", "last_seen_in_ical", "check_in_time", "check_out_time") VALUES ('f07487c3-9738-4cce-bcd9-f6ffcb2983ff'::uuid, '12296d3d-696b-4c5d-95b7-e0b3a1dd1814'::uuid, '2ee6c0bb-1a6a-4490-85e6-af75a1ff3f03'::uuid, '2026-03-13', '2026-03-15', 'REDACTED', NULL, NULL, NULL, 0, 'Abritel', NULL, 'cancelled', 803, 'EUR', 0, 'Annulée automatiquement (disparue du flux iCal)', 'ical', 'abritel', '2026-01-13T21:23:01.929091+00:00', '2026-01-13T21:23:01.929091+00:00', 'Trévoux', 'Abritel', 803, 0, 803, 'Non payé', '', 0, NULL, FALSE, 'c7062049-2ca4-4eb0-9906-2d98cae87c22', TRUE, '2026-02-03T15:55:15.816+00:00', NULL, NULL) ON CONFLICT DO NOTHING;
INSERT INTO public."cleaning_rules" ("id", "rule_code", "rule_name", "description", "is_enabled", "priority", "config", "created_at", "updated_at") VALUES ('e9b6d90f-ee83-49d4-af5f-eaf323eb456c'::uuid, 'default_afternoon', NULL, 'Le ménage est programmé l''après-midi (12h) par défaut', TRUE, 10, '{"default_hour":"12h00","default_time":"afternoon"}'::jsonb, '2026-01-15T11:13:24.827689+00:00', '2026-01-15T11:13:24.827689+00:00') ON CONFLICT DO NOTHING;
INSERT INTO public."cleaning_rules" ("id", "rule_code", "rule_name", "description", "is_enabled", "priority", "config", "created_at", "updated_at") VALUES ('eff92071-d3f2-4420-aef4-85af041f3724'::uuid, 'mandatory_between_bookings', NULL, 'Un ménage doit toujours être effectué entre deux réservations consécutives', TRUE, 5, '{"mandatory":true}'::jsonb, '2026-01-15T11:13:24.827689+00:00', '2026-01-15T11:42:15.953585+00:00') ON CONFLICT DO NOTHING;
INSERT INTO public."cleaning_rules" ("id", "rule_code", "rule_name", "description", "is_enabled", "priority", "config", "created_at", "updated_at") VALUES ('1eab596b-dd0b-4d2e-8ee1-65de2b66b85d'::uuid, 'morning_if_same_day', NULL, 'Programmer le ménage le matin (7h) si une nouvelle réservation arrive le jour du ménage', TRUE, 15, '{"hour":"07h00","time":"morning"}'::jsonb, '2026-01-15T11:13:24.827689+00:00', '2026-01-15T11:42:16.887039+00:00') ON CONFLICT DO NOTHING;
INSERT INTO public."cleaning_rules" ("id", "rule_code", "rule_name", "description", "is_enabled", "priority", "config", "created_at", "updated_at") VALUES ('2128779a-06cd-4988-9a29-4f7c1f65f3da'::uuid, 'avoid_holidays', NULL, 'Reporter le ménage au jour ouvrable suivant si c''est un jour férié (sauf enchainement)', TRUE, 20, '{"postpone_if_holiday":true,"unless_same_day_checkin":true}'::jsonb, '2026-01-15T11:13:24.827689+00:00', '2026-01-15T11:42:17.918329+00:00') ON CONFLICT DO NOTHING;
INSERT INTO public."cleaning_rules" ("id", "rule_code", "rule_name", "description", "is_enabled", "priority", "config", "created_at", "updated_at") VALUES ('b3b05a9b-7043-4d69-bd04-d4e3d18ebba1'::uuid, 'sunday_postpone', NULL, 'Reporter le ménage au lundi si départ un dimanche (sauf enchainement)', TRUE, 30, '{"postpone_to":"monday","morning_if_checkin":true,"unless_same_day_checkin":true}'::jsonb, '2026-01-15T11:13:24.827689+00:00', '2026-01-15T11:42:18.685896+00:00') ON CONFLICT DO NOTHING;
INSERT INTO public."cleaning_rules" ("id", "rule_code", "rule_name", "description", "is_enabled", "priority", "config", "created_at", "updated_at") VALUES ('9eceb1e5-368f-4016-9f09-517d0232ad70'::uuid, 'saturday_conditional', NULL, 'Reporter au lundi si pas de réservation samedi/dimanche, sinon ménage le samedi', TRUE, 35, '{"postpone_to":"monday","check_weekend_bookings":true,"keep_if_weekend_booking":true}'::jsonb, '2026-01-15T11:13:24.827689+00:00', '2026-01-15T11:42:19.582242+00:00') ON CONFLICT DO NOTHING;
INSERT INTO public."cleaning_rules" ("id", "rule_code", "rule_name", "description", "is_enabled", "priority", "config", "created_at", "updated_at") VALUES ('8944343d-fee1-4df3-8663-86cf3ab3755f'::uuid, 'midweek_conditional', NULL, 'Reporter au vendredi si pas de réservation avant, sinon jour même', TRUE, 40, '{"days":["wednesday","thursday"],"postpone_to":"friday","unless_booking_before":true}'::jsonb, '2026-01-15T11:13:24.827689+00:00', '2026-01-15T11:42:20.215661+00:00') ON CONFLICT DO NOTHING;
INSERT INTO public."cleaning_rules" ("id", "rule_code", "rule_name", "description", "is_enabled", "priority", "config", "created_at", "updated_at") VALUES ('aba7c164-eb08-4840-b444-a8ec8291e892'::uuid, 'avoid_weekends', NULL, 'Reporter le ménage en semaine si départ un week-end et pas d''enchainement', TRUE, 50, '{"postpone_weekend":true,"unless_same_day_checkin":true}'::jsonb, '2026-01-15T11:13:24.827689+00:00', '2026-01-15T11:42:21.090955+00:00') ON CONFLICT DO NOTHING;
INSERT INTO public."cleaning_rules" ("id", "rule_code", "rule_name", "description", "is_enabled", "priority", "config", "created_at", "updated_at") VALUES ('cfc97133-c590-47d2-9f24-474275955800'::uuid, 'same_day_checkin', NULL, 'Si une nouvelle réservation commence le jour du départ, faire le ménage entre les deux', TRUE, 1, '{"time":"between_checkout_checkin","default_time":"12h00"}'::jsonb, '2026-01-15T11:13:24.827689+00:00', '2026-01-22T16:35:01.993569+00:00') ON CONFLICT DO NOTHING;
INSERT INTO public."faq" ("id", "owner_user_id", "gite_id", "question", "categorie", "ordre", "created_at", "updated_at", "answer", "question_en", "answer_en", "reponse_en", "priority", "category") VALUES ('135bcd3e-3bcb-4d97-ab49-28102e64b1ac'::uuid, '12296d3d-696b-4c5d-95b7-e0b3a1dd1814'::uuid, NULL, 'Le ménage est-il inclus dans le tarif ?', NULL, 0, '2026-02-18T15:08:46.172971+00:00', '2026-02-18T15:08:46.172971+00:00', 'Bonne nouvelle : le ménage est entièrement inclus dans le prix de votre séjour, sans aucun supplément ni mauvaise surprise à la fin ! Vous n''avez donc rien à prévoir de ce côté-là, nous nous occupons de tout.
Nous vous demandons simplement de laisser le gîte dans un état correct à votre départ, comme vous l''avez trouvé à votre arrivée. Un séjour agréable commence et se termine dans le respect des lieux !', 'Is cleaning included in the rate?', 'Good news: cleaning is fully included in the price of your stay, with no extras or unpleasant surprises at the end! So you have nothing to plan on that side, we take care of everything.
We simply ask that you leave the cottage in a correct condition upon your departure, as you found it upon arrival. A pleasant stay begins and ends with respect for the place!', NULL, 0, 'depart') ON CONFLICT DO NOTHING;
INSERT INTO public."faq" ("id", "owner_user_id", "gite_id", "question", "categorie", "ordre", "created_at", "updated_at", "answer", "question_en", "answer_en", "reponse_en", "priority", "category") VALUES ('f2b62ec0-7215-4b79-b5d7-4ebb74986234'::uuid, '12296d3d-696b-4c5d-95b7-e0b3a1dd1814'::uuid, '655e201e-f0ae-40a1-90d7-1dd7876e5d97'::uuid, 'Où puis-je me garer ?', NULL, 0, '2026-02-18T15:00:38.842441+00:00', '2026-02-18T15:00:38.842441+00:00', 'Pas d''inquiétude pour le stationnement ! Deux parkings publics sont situés à proximité immédiate du gîte. Bonne nouvelle : ils sont entièrement gratuits, sans limitation de durée, vous n''avez donc aucune contrainte à prévoir de ce côté-là.', 'Where can I park?', 'No worries about parking! Two public car parks are located in the immediate vicinity of the cottage. Good news: they are completely free, with no time limit, so you have no constraints to expect on this side.', NULL, 0, 'arrivee') ON CONFLICT DO NOTHING;
INSERT INTO public."faq" ("id", "owner_user_id", "gite_id", "question", "categorie", "ordre", "created_at", "updated_at", "answer", "question_en", "answer_en", "reponse_en", "priority", "category") VALUES ('34b3eb3a-1936-4eb9-8d65-fed8b3012d25'::uuid, '12296d3d-696b-4c5d-95b7-e0b3a1dd1814'::uuid, '2ee6c0bb-1a6a-4490-85e6-af75a1ff3f03'::uuid, 'Où puis-je me garer ?', NULL, 0, '2026-02-18T15:00:07.209107+00:00', '2026-02-18T15:00:07.209107+00:00', 'Vous bénéficiez d''une cour privative pouvant accueillir jusqu''à 5 véhicules, ce qui est idéal pour les séjours en groupe ou en famille.
Pour y accéder, vous trouverez le badge d''ouverture du portail à l''intérieur de la maison dès votre arrivée. Nous vous demandons de veiller à rentrer l''ensemble de vos véhicules dans la cour, afin de garantir la sécurité de tous et le bon voisinage.', 'Where can I park?', 'You benefit from a private courtyard that can accommodate up to 5 vehicles, which is ideal for group or family stays.
To access it, you will find the gate opening badge inside the house as soon as you arrive. We ask you to ensure that all your vehicles return to the courtyard, in order to guarantee the safety of everyone and the good neighbourliness.', NULL, 0, 'arrivee') ON CONFLICT DO NOTHING;
INSERT INTO public."faq" ("id", "owner_user_id", "gite_id", "question", "categorie", "ordre", "created_at", "updated_at", "answer", "question_en", "answer_en", "reponse_en", "priority", "category") VALUES ('5eae28b7-db66-4288-971d-dd0c427b5226'::uuid, '12296d3d-696b-4c5d-95b7-e0b3a1dd1814'::uuid, NULL, 'Comment se passe la remise des clés ? Y a-t-il une arrivée autonome possible ?', NULL, 0, '2026-02-18T14:57:49.082434+00:00', '2026-02-18T14:57:49.082434+00:00', 'Oui, l''arrivée autonome est tout à fait possible et très simple à mettre en place ! Voici comment cela se passe :
Vos clés sont disponibles dans une boîte à clés sécurisée dont le code confidentiel vous est communiqué directement via notre application, après confirmation de votre réservation. Vous pouvez ainsi arriver en toute liberté, sans contrainte d''horaire de notre côté.
En revanche, nous vous demandons une petite attention importante : dès votre arrivée, prenez quelques minutes pour vérifier que tout est en ordre (propreté, équipements, inventaire) et prévenez-nous par message ou via l''application pour confirmer que votre installation s''est bien passée. Cela nous permet de réagir rapidement si le moindre détail ne vous convenait pas, et de vous assurer un séjour parfait dès le premier instant.
Nous restons bien sûr joignables à tout moment si vous avez la moindre question à votre arrivée.', 'How are the keys handed over? Is self check-in possible?', 'Yes, self check-in is quite possible and very simple to set up! Here''s how it works: Your keys are available in a secure lockbox whose pin is communicated to you directly via our app, after confirming your reservation. You can thus arrive freely, without scheduling constraints on our side. However, we ask for a little attention: as soon as you arrive, take a few minutes to check that everything is in order (cleanliness, equipment, inventory) and let us know by message or via the application to confirm that your installation went well. This allows us to react quickly if the slightest detail does not suit you, and to ensure you a perfect stay from the first moment. We can of course be reached at any time if you have any questions upon arrival.', NULL, 0, 'arrivee') ON CONFLICT DO NOTHING;
INSERT INTO public."faq" ("id", "owner_user_id", "gite_id", "question", "categorie", "ordre", "created_at", "updated_at", "answer", "question_en", "answer_en", "reponse_en", "priority", "category") VALUES ('c7150724-d91f-45ce-afe8-3feacfed8b73'::uuid, '12296d3d-696b-4c5d-95b7-e0b3a1dd1814'::uuid, NULL, 'Quelles sont les heures d''arrivée et de départ ?', NULL, 0, '2026-02-18T14:53:19.492491+00:00', '2026-02-18T14:53:19.492491+00:00', 'Nos horaires standards sont les suivants : arrivée à partir de 17h et départ avant 10h. Ces créneaux nous permettent d''assurer le ménage et la préparation du gîte entre deux séjours.
Cependant, nous sommes toujours ouverts à un aménagement des horaires selon les disponibilités ! Si aucune réservation ne précède ou ne suit votre séjour, nous ferons notre maximum pour vous proposer une arrivée anticipée ou un départ tardif, sans frais supplémentaires. Vous pouvez par le biais de cette appli faire votre demande', 'What are the arrival and departure times?', 'Our standard times are as follows: arrival from 5pm and departure before 10am. These slots allow us to clean and prepare the cottage between two stays. However, we are always open to scheduling according to availability! If no reservation precedes or follows your stay, we will do our best to offer you early check-in or late check-out at no additional cost. You can apply through this app', NULL, 0, 'arrivee') ON CONFLICT DO NOTHING;
INSERT INTO public."faq" ("id", "owner_user_id", "gite_id", "question", "categorie", "ordre", "created_at", "updated_at", "answer", "question_en", "answer_en", "reponse_en", "priority", "category") VALUES ('1fb4fc41-b5c0-4667-ad32-95cb7ce60635'::uuid, '12296d3d-696b-4c5d-95b7-e0b3a1dd1814'::uuid, NULL, 'Le gîte est-il équipé pour les bébés (lit parapluie, chaise haute) ?', NULL, 0, '2026-02-18T15:14:06.969573+00:00', '2026-02-18T15:14:06.969573+00:00', 'Oui, nous pensons aux plus petits ! Le gîte est équipé d''un lit bébé et d''une chaise haute pour accueillir vos tout-petits dans les meilleures conditions.
Un petit conseil cependant : pensez à apporter un protège-matelas ou un drap housse adapté pour le lit bébé, pour le confort et l''hygiène de votre enfant. Un détail simple à ne pas oublier dans vos bagages !', 'Is the cottage equipped for babies (umbrella bed, high chair)?', 'Yes, we think of the little ones! The cottage is equipped with a cot and a high chair to accommodate your toddlers in the best conditions.
A small tip however: remember to bring a mattress protector or a cover sheet suitable for the crib, for the comfort and hygiene of your child. A simple detail not to forget in your luggage!', NULL, 0, 'equipements') ON CONFLICT DO NOTHING;
INSERT INTO public."faq" ("id", "owner_user_id", "gite_id", "question", "categorie", "ordre", "created_at", "updated_at", "answer", "question_en", "answer_en", "reponse_en", "priority", "category") VALUES ('71579748-56f6-4ecc-9a6f-3b9b09e85baa'::uuid, '12296d3d-696b-4c5d-95b7-e0b3a1dd1814'::uuid, NULL, 'Peut-on fumer dans le gîte ?', NULL, 0, '2026-02-18T15:11:23.013563+00:00', '2026-02-18T15:11:23.013563+00:00', 'Il est strictement interdit de fumer à l''intérieur du gîte, afin de garantir un séjour agréable pour tous les voyageurs.
Les fumeurs sont les bienvenus en extérieur, nous vous demandons simplement de veiller à bien éteindre vos mégots et à les jeter dans les poubelles prévues à cet effet. Un petit geste essentiel pour la sécurité et le respect des lieux !', 'Can I smoke in the cottage?', 'Smoking is strictly prohibited inside the cottage, to ensure a pleasant stay for all guests.
Smokers are welcome outside, we just ask you to make sure to extinguish your cigarette butts and throw them in the trash cans provided for this purpose. A small gesture essential for safety and respect for the place!', NULL, 0, 'reglement') ON CONFLICT DO NOTHING;
INSERT INTO public."faq" ("id", "owner_user_id", "gite_id", "question", "categorie", "ordre", "created_at", "updated_at", "answer", "question_en", "answer_en", "reponse_en", "priority", "category") VALUES ('6339bd51-af3c-41a3-aaf3-009db8d0a83a'::uuid, '12296d3d-696b-4c5d-95b7-e0b3a1dd1814'::uuid, '655e201e-f0ae-40a1-90d7-1dd7876e5d97'::uuid, 'Quelle est la capacité maximale du gîte ?', NULL, 0, '2026-02-18T15:17:42.38921+00:00', '2026-02-18T15:17:42.38921+00:00', 'Le gîte dispose de 11 couchages, ce qui correspond à sa capacité idéale pour un séjour confortable. Nous tolérons la présence de personnes supplémentaires en journée, à condition que le nombre total de personnes présentes ne dépasse jamais 15, dormants ou non.
Cette limite est stricte et ne peut en aucun cas être dépassée, et ce pour des raisons importantes. Au-delà de 15 personnes, un hébergement est soumis à des réglementations spécifiques aux établissements recevant du public, impliquant des équipements et des contrôles particuliers que le gîte ne possède pas. De plus, aucune assurance ne couvre les dommages ou accidents qui pourraient survenir en cas de dépassement, vous exposant ainsi que vos invités à des risques importants.
Nous comptons sur votre compréhension et votre respect de cette règle, qui est avant tout là pour assurer la sécurité de tous. En cas de doute, n''hésitez pas à nous contacter !', 'How do I remove a drive module from the T3?', 'The cottage has 11 beds, which corresponds to its ideal capacity for a comfortable stay. We tolerate the presence of additional people during the day, provided that the total number of people present never exceeds 15, dormant or not. This limit is strict and cannot be exceeded under any circumstances, for important reasons. Beyond 15 people, an accommodation is subject to regulations specific to establishments receiving the public, involving special equipment and controls that the cottage does not have. In addition, no insurance covers damage or accidents that could occur in the event of an overrun, exposing you and your guests to significant risks. We count on your understanding and respect for this rule, which is above all there to ensure the safety of everyone. If in doubt, don''t hesitate to contact us!', NULL, 0, 'reglement') ON CONFLICT DO NOTHING;
INSERT INTO public."faq" ("id", "owner_user_id", "gite_id", "question", "categorie", "ordre", "created_at", "updated_at", "answer", "question_en", "answer_en", "reponse_en", "priority", "category") VALUES ('65c4f6c7-34f3-454c-9051-389b83a1bf2e'::uuid, '12296d3d-696b-4c5d-95b7-e0b3a1dd1814'::uuid, NULL, 'Les fêtes et événements sont-ils autorisés ?', NULL, 0, '2026-02-18T15:13:00.026927+00:00', '2026-02-18T15:13:00.026927+00:00', 'Oui, vous pouvez tout à fait organiser une fête ou un événement dans le gîte, dans le respect de quelques règles simples !
Le nombre de personnes présentes ne doit pas dépasser la capacité maximale prévue pour le gîte, et nous vous demandons de veiller à ne pas perturber le voisinage, notamment en limitant le bruit en soirée.
En cas de soirée festive, merci de porter une attention particulière à l''état du gîte le lendemain : sols, cuisine, sanitaires... Nous comptons sur vous pour que les lieux soient rendus dans un état correct, sans laisser de traces derrière vous. Un bon séjour se termine toujours dans le respect des lieux qui vous ont accueillis !', 'Are parties and events allowed?', 'Yes, you can organize a party or event in the cottage, respecting a few simple rules! The number of people present must not exceed the maximum capacity provided for the cottage, and we ask you to be careful not to disturb the neighborhood, in particular by limiting noise in the evening. In the event of a festive evening, please pay particular attention to the condition of the cottage the next day: floors, kitchen, toilets... We are counting on you to ensure that the premises are returned in a correct state, without leaving any traces behind you. A good stay always ends with respect for the places that welcomed you!', NULL, 0, 'reglement') ON CONFLICT DO NOTHING;
INSERT INTO public."faq" ("id", "owner_user_id", "gite_id", "question", "categorie", "ordre", "created_at", "updated_at", "answer", "question_en", "answer_en", "reponse_en", "priority", "category") VALUES ('2f6c3ab5-c58b-4f37-933e-3272b4fae7ca'::uuid, '12296d3d-696b-4c5d-95b7-e0b3a1dd1814'::uuid, '2ee6c0bb-1a6a-4490-85e6-af75a1ff3f03'::uuid, 'Y a-t-il un barbecue ?', NULL, 0, '2026-02-18T15:25:45.160801+00:00', '2026-02-18T15:25:45.160801+00:00', 'Pas de barbecue traditionnel, mais mieux encore : le gîte est équipé d''une plancha à gaz pour des repas conviviaux et savoureux en extérieur !
Un point important à noter : la plancha, comme l''ensemble de la vaisselle et des ustensiles de cuisine, doit être nettoyée après chaque utilisation ou avant votre départ. Son nettoyage n''est pas inclus dans le forfait ménage, nous comptons donc sur vous pour la laisser propre et prête pour les prochains vacanciers. Un geste simple et apprécié de tous !', 'Is there a barbecue?', 'No traditional barbecue, but better still: the cottage is equipped with a gas grill for friendly and tasty meals outdoors!
An important point to note: the plancha, like all dishes and kitchen utensils, must be cleaned after each use or before you leave. Cleaning is not included in the cleaning package, so we are counting on you to keep it clean and ready for the next vacationers. A simple gesture that is appreciated by all!', NULL, 0, 'equipements') ON CONFLICT DO NOTHING;
INSERT INTO public."faq" ("id", "owner_user_id", "gite_id", "question", "categorie", "ordre", "created_at", "updated_at", "answer", "question_en", "answer_en", "reponse_en", "priority", "category") VALUES ('6ee9023e-409a-4699-82df-65885ade62bb'::uuid, '12296d3d-696b-4c5d-95b7-e0b3a1dd1814'::uuid, '2ee6c0bb-1a6a-4490-85e6-af75a1ff3f03'::uuid, 'Le gîte est-il accessible aux personnes à mobilité réduite ?', NULL, 0, '2026-02-18T15:22:49.932442+00:00', '2026-02-18T15:22:49.932442+00:00', 'Le gîte de Trévoux ne répond pas aux normes officielles d''accessibilité handicapés, mais il offre néanmoins de bonnes conditions pour les personnes ayant des difficultés de mobilité. En effet, une chambre, une salle de bain ainsi que le séjour sont situés au rez-de-chaussée, permettant de limiter au maximum les déplacements en escalier.
N''hésitez pas à nous contacter pour nous préciser vos besoins, nous ferons notre possible pour vous accueillir dans les meilleures conditions !', 'Is the campsite accessible for those with impaired mobility?', 'The Trévoux cottage does not meet official accessibility standards for people with disabilities, but it nevertheless offers good conditions for people with mobility difficulties. Indeed, a bedroom, a bathroom and the living room are located on the ground floor, making it possible to limit stair travel as much as possible.
Do not hesitate to contact us to specify your needs, we will do our best to welcome you in the best conditions!', NULL, 0, 'autre') ON CONFLICT DO NOTHING;
INSERT INTO public."faq" ("id", "owner_user_id", "gite_id", "question", "categorie", "ordre", "created_at", "updated_at", "answer", "question_en", "answer_en", "reponse_en", "priority", "category") VALUES ('493a2c10-b9f0-4062-a2bc-1e939db64891'::uuid, '12296d3d-696b-4c5d-95b7-e0b3a1dd1814'::uuid, '655e201e-f0ae-40a1-90d7-1dd7876e5d97'::uuid, 'Le gîte est-il accessible aux personnes à mobilité réduite ?', NULL, 0, '2026-02-18T15:22:31.391862+00:00', '2026-02-18T15:22:31.391862+00:00', 'Le gîte de Couzon est malheureusement difficile d''accès pour les personnes à mobilité réduite, le séjour principal étant situé à l''étage. Nous vous conseillons de nous contacter avant votre réservation afin que nous puissions évaluer ensemble si le gîte correspond à vos besoins et contraintes.', 'Is the campsite accessible for those with impaired mobility?', 'The cottage of Couzon is unfortunately difficult to access for people with reduced mobility, the main living room being located upstairs. We advise you to contact us before your reservation so that we can assess together if the cottage corresponds to your needs and constraints.', NULL, 0, 'autre') ON CONFLICT DO NOTHING;
INSERT INTO public."faq" ("id", "owner_user_id", "gite_id", "question", "categorie", "ordre", "created_at", "updated_at", "answer", "question_en", "answer_en", "reponse_en", "priority", "category") VALUES ('f8f54017-b678-48c3-aed5-303acb78dc53'::uuid, '12296d3d-696b-4c5d-95b7-e0b3a1dd1814'::uuid, '2ee6c0bb-1a6a-4490-85e6-af75a1ff3f03'::uuid, 'Y a-t-il des règles de bruit ou des horaires de tranquillité ?', NULL, 0, '2026-02-18T15:28:04.288586+00:00', '2026-02-18T15:28:04.288586+00:00', 'Oui, afin de préserver la tranquillité du voisinage et de garantir un séjour agréable pour tous, nous vous demandons de respecter quelques règles simples à partir de 22h :
En extérieur, nous vous demandons d''adopter un comportement calme et discret. La piscine ne doit plus être utilisée après 22h, et aucune musique ne doit être audible depuis l''extérieur. Cela implique de modérer le volume même à l''intérieur du gîte, les sons pouvant facilement se propager dehors.
Ces règles sont essentielles pour maintenir de bonnes relations avec le voisinage et nous permettre de continuer à vous accueillir dans les meilleures conditions. Merci pour votre compréhension et votre bienveillance !', 'Are there noise rules or quiet hours?', 'Yes, in order to preserve the tranquility of the neighborhood and guarantee a pleasant stay for all, we ask you to respect a few simple rules from 10pm: Outdoors, we ask you to behave calmly and discreetly. The pool should not be used after 10pm, and no music should be audible from outside. This involves moderating the volume even inside the cottage, as sounds can easily spread outside. These rules are essential to maintain good relations with the neighborhood and allow us to continue to welcome you in the best conditions. Thank you for your understanding and kindness!', NULL, 0, 'reglement') ON CONFLICT DO NOTHING;
INSERT INTO public."faq" ("id", "owner_user_id", "gite_id", "question", "categorie", "ordre", "created_at", "updated_at", "answer", "question_en", "answer_en", "reponse_en", "priority", "category") VALUES ('4ea424c2-757c-45d3-b3e9-e81ea1259e37'::uuid, '12296d3d-696b-4c5d-95b7-e0b3a1dd1814'::uuid, '655e201e-f0ae-40a1-90d7-1dd7876e5d97'::uuid, 'Comment rejoindre le gîte en transports en commun ?', NULL, 0, '2026-02-18T15:34:27.090156+00:00', '2026-02-18T15:34:27.090156+00:00', 'Le gîte est très bien desservi par les transports en commun TCL !
En bus, la ligne 43 (Gare de Vaise ↔ Saint-Romain/Genay) dessert directement Couzon, avec un arrêt "Gare et Stade de Couzon" à proximité immédiate. Les lignes 40 et 70 passent également à proximité.
En train TER, la gare de Couzon-au-Mont-d''Or est desservie par les lignes C12 et C24, avec un accès direct depuis Lyon.
Pour consulter les horaires à jour, rendez-vous directement sur le site TCL : www.tcl.fr', 'How to reach the cottage by public transport?', 'The cottage is very well served by TCL public transport!
By bus, line 43 (Gare de Vaise ↔ Saint-Romain/Genay) directly serves Couzon, with a stop "Gare et Stade de Couzon" in the immediate vicinity. Lines 40 and 70 also pass nearby.
By TER train, Couzon-au-Mont-d''Or station is served by lines C12 and C24, with direct access from Lyon.
To consult the updated schedules, go directly to the TCL website: www.tcl.fr', NULL, 0, 'localisation') ON CONFLICT DO NOTHING;
INSERT INTO public."faq" ("id", "owner_user_id", "gite_id", "question", "categorie", "ordre", "created_at", "updated_at", "answer", "question_en", "answer_en", "reponse_en", "priority", "category") VALUES ('f3ce01ef-0533-48a0-b8db-bbce412de340'::uuid, '12296d3d-696b-4c5d-95b7-e0b3a1dd1814'::uuid, NULL, 'Le gîte est-il adapté pour des vacances en famille avec enfants ou avec des personnes âgées ?', NULL, 0, '2026-02-18T15:31:09.236488+00:00', '2026-02-18T15:31:09.236488+00:00', 'Absolument ! Nous avons vraiment plaisir à accueillir les familles et les groupes d''amis, et mettons un point d''honneur à ce que chacun, petits et grands, se sente à l''aise et bien accueilli.
N''hésitez pas à nous préciser votre composition de groupe lors de votre réservation, nous serons ravis de vous conseiller et de vous aider à préparer votre séjour au mieux !', 'Is the cottage suitable for family holidays with children or with the elderly?', 'Absolutely! We really enjoy welcoming families and groups of friends, and make it a point of honour for everyone, young and old, to feel comfortable and welcome.
Do not hesitate to let us know your group composition when booking, we will be happy to advise you and help you prepare your stay as well as possible!', NULL, 0, 'autre') ON CONFLICT DO NOTHING;
INSERT INTO public."faq" ("id", "owner_user_id", "gite_id", "question", "categorie", "ordre", "created_at", "updated_at", "answer", "question_en", "answer_en", "reponse_en", "priority", "category") VALUES ('9d5ce530-a0b4-4130-98d3-403f04ce5d28'::uuid, '12296d3d-696b-4c5d-95b7-e0b3a1dd1814'::uuid, NULL, 'Les animaux de compagnie sont-ils acceptés ?', NULL, 0, '2026-02-18T15:10:05.713418+00:00', '2026-02-18T15:10:05.713418+00:00', 'Oui, nous acceptons les animaux de compagnie sur demande ! N''hésitez pas à nous en informer lors de votre réservation afin que nous puissions valider votre séjour ensemble.
Pour le confort de tous les voyageurs qui se succèdent dans le gîte, nous vous demandons simplement de veiller à ce que vos compagnons à quatre pattes ne montent pas sur les canapés ni sur les lits. Un peu de vigilance de votre part suffit pour que tout le monde profite du gîte dans les meilleures conditions !', 'Are pets allowed?', 'Yes, we accept pets on request! Please let us know when you book so we can validate your stay together.
For the comfort of all guests who follow each other in the cottage, we simply ask that you ensure that your four-legged companions do not get on sofas or beds. A little vigilance on your part is enough to ensure that everyone enjoys the cottage in the best conditions!', NULL, 0, 'reglement') ON CONFLICT DO NOTHING;
INSERT INTO public."faq" ("id", "owner_user_id", "gite_id", "question", "categorie", "ordre", "created_at", "updated_at", "answer", "question_en", "answer_en", "reponse_en", "priority", "category") VALUES ('e55db76b-b2cc-446d-906d-a47a0fd97511'::uuid, '12296d3d-696b-4c5d-95b7-e0b3a1dd1814'::uuid, NULL, 'Le linge de maison est-il fourni ?', NULL, 0, '2026-02-18T15:04:34.530824+00:00', '2026-02-18T15:04:34.530824+00:00', 'Oui, le linge de maison est entièrement fourni ! Vous trouverez à votre disposition draps et serviettes pour tout votre séjour, sans rien avoir à prévoir de votre côté.
Nous vous remercions simplement de déposer le linge utilisé au rez-de-chaussée avant votre départ, afin de faciliter la préparation du gîte pour les prochains voyageurs. Un petit geste qui fait toute la différence et que nous apprécions vraiment !', 'The Linen is provided', 'Yes, linen is fully supplied! You will find sheets and towels at your disposal for your entire stay, without having to plan anything on your side.
Just drop off the used laundry on the ground floor before you check out to make it easier for future guests to prepare the cottage. A small gesture that makes all the difference and that we really appreciate!', NULL, 0, 'autre') ON CONFLICT DO NOTHING;
INSERT INTO public."faq" ("id", "owner_user_id", "gite_id", "question", "categorie", "ordre", "created_at", "updated_at", "answer", "question_en", "answer_en", "reponse_en", "priority", "category") VALUES ('0353a629-286c-4b9a-bea7-163a3d39b093'::uuid, '12296d3d-696b-4c5d-95b7-e0b3a1dd1814'::uuid, NULL, 'Dispose-t-il d''une connexion Wi-Fi ?', NULL, 0, '2026-02-18T15:19:01.398714+00:00', '2026-02-18T15:19:01.398714+00:00', 'Oui, le gîte est équipé d''une connexion Wi-Fi en fibre optique pour un accès internet rapide et fluide tout au long de votre séjour, que ce soit pour le télétravail, le streaming ou simplement rester connecté.
Le QR code de connexion est disponible directement dans votre application, vous pourrez le partager facilement avec tous vos invités en un instant, sans avoir à retaper de mot de passe !', 'Does it have Wi-Fi?', 'Yes, the cottage is equipped with fiber optic Wi-Fi for fast and seamless internet access throughout your stay, whether for telecommuting, streaming or just staying connected.
The QR login code is available directly in your app, you can easily share it with all your guests in an instant, without having to retype a password!', NULL, 0, 'equipements') ON CONFLICT DO NOTHING;
INSERT INTO public."faq" ("id", "owner_user_id", "gite_id", "question", "categorie", "ordre", "created_at", "updated_at", "answer", "question_en", "answer_en", "reponse_en", "priority", "category") VALUES ('b117f70b-e191-44bf-a356-fc3850a775ee'::uuid, '12296d3d-696b-4c5d-95b7-e0b3a1dd1814'::uuid, NULL, 'Quelles sont les activités à faire à proximité ?', NULL, 0, '2026-02-18T15:29:50.548378+00:00', '2026-02-18T15:29:50.548378+00:00', 'Nous avons pensé à tout ! L''ensemble des activités à découvrir aux alentours du gîte est recensé et détaillé directement dans notre application. Restaurants, balades, visites, bons plans locaux... tout y est pour vous aider à profiter au maximum de votre séjour !
Et si vous avez eu un coup de cœur pour un endroit ou une expérience pendant votre séjour, n''hésitez pas à nous en faire part ! Nous intégrons volontiers les bonnes adresses partagées par nos vacanciers pour enrichir l''application et faire profiter les prochains voyageurs de vos découvertes. 😊', 'What are the activities to do nearby?', 'We''ve thought of everything! All the activities to discover around the cottage are listed and detailed directly in our application. Restaurants, walks, tours, local tips... everything is there to help you make the most of your stay! And if you fell in love with a place or experience during your stay, don''t hesitate to let us know! We are happy to integrate the good addresses shared by our holidaymakers to enrich the application and share your discoveries with future guests. 😊', NULL, 0, 'autre') ON CONFLICT DO NOTHING;
INSERT INTO public."faq" ("id", "owner_user_id", "gite_id", "question", "categorie", "ordre", "created_at", "updated_at", "answer", "question_en", "answer_en", "reponse_en", "priority", "category") VALUES ('6006f592-b9f3-4cd9-b16f-8474cf84d350'::uuid, '12296d3d-696b-4c5d-95b7-e0b3a1dd1814'::uuid, NULL, 'Y a-t-il une climatisation ou un chauffage ?', NULL, 0, '2026-02-18T15:21:16.285444+00:00', '2026-02-18T15:21:16.285444+00:00', 'Les gîtes sont équipés de climatisations réversibles, assurant ainsi votre confort aussi bien en été qu''en hiver !
Quelques conseils importants pour une utilisation optimale :
Choisissez le bon mode : le mode "auto" n''est pas fonctionnel, pensez à sélectionner manuellement le mode "froid" en été ou le mode "chaud" en hiver selon la saison.
Réglez la température avec modération : monter ou descendre la température de façon excessive entraîne un mauvais fonctionnement de l''appareil. Une température modérée et stable est bien plus efficace !
En période de fortes chaleurs ou de grand froid, nous vous demandons de laisser la climatisation en marche, même en votre absence, afin de maintenir une température stable dans le gîte et d''éviter tout dysfonctionnement.
Bonne nouvelle : toutes les télécommandes sont universelles, elles fonctionnent sur l''ensemble des climatisations du gîte. Pas besoin de chercher la bonne télécommande pour chaque appareil !
En cas de doute sur l''utilisation, n''hésitez pas à nous contacter, nous vous guiderons avec plaisir !', 'Is there air conditioning or heating?', 'The cottages are equipped with reversible air conditioning, ensuring your comfort both in summer and winter! Some important tips for optimal use: Choose the right mode: the "auto" mode is not functional, remember to manually select the "cold" mode in summer or the "hot" mode in winter depending on the season. Set the temperature in moderation: Raising or lowering the temperature excessively leads to improper operation of the device. A moderate and stable temperature is much more effective! During periods of extreme heat or cold, we ask that you leave the air conditioning on, even in your absence, in order to maintain a stable temperature in the cottage and avoid any malfunction. Good news: all the remote controls are universal, they work on all the air conditioning of the cottage. No need to look for the right remote for every device! If in doubt about the use, do not hesitate to contact us, we will be happy to guide you!', NULL, 0, 'equipements') ON CONFLICT DO NOTHING;
INSERT INTO public."faq" ("id", "owner_user_id", "gite_id", "question", "categorie", "ordre", "created_at", "updated_at", "answer", "question_en", "answer_en", "reponse_en", "priority", "category") VALUES ('83f970cd-2aa9-4127-934c-a8b175866dd6'::uuid, '12296d3d-696b-4c5d-95b7-e0b3a1dd1814'::uuid, '2ee6c0bb-1a6a-4490-85e6-af75a1ff3f03'::uuid, 'Quelle est la capacité maximale du gîte ?', NULL, 0, '2026-02-18T15:16:21.808236+00:00', '2026-02-18T15:16:21.808236+00:00', 'La capacité maximale du gîte est de 15 personnes. Ce nombre ne peut en aucun cas être dépassé, et ce pour des raisons importantes que nous tenons à vous expliquer.
Au-delà de 15 personnes, un hébergement est soumis à des réglementations spécifiques aux établissements recevant du public, impliquant des équipements et des contrôles particuliers que le gîte ne possède pas. De plus, aucune assurance ne couvre les dommages ou accidents qui pourraient survenir en cas de dépassement de cette capacité. Cela vous exposerait donc, ainsi que vos invités, à des risques importants en cas de problème.
Nous comptons sur votre compréhension et votre respect de cette règle, qui est avant tout là pour assurer la sécurité de tous. En cas de doute sur le nombre de participants, n''hésitez pas à nous contacter, nous trouverons ensemble la meilleure solution !', 'How do I remove a drive module from the T3?', 'The maximum capacity of the cottage is 15 people. This number cannot be exceeded under any circumstances, for important reasons that we would like to explain to you. Beyond 15 people, an accommodation is subject to regulations specific to establishments receiving the public, involving special equipment and controls that the cottage does not have. In addition, no insurance covers damage or accidents that could occur if this capacity is exceeded. This would put you and your guests at significant risk if something goes wrong. We count on your understanding and respect for this rule, which is above all there to ensure the safety of everyone. If in doubt about the number of participants, do not hesitate to contact us, we will find the best solution together!', NULL, 0, 'reglement') ON CONFLICT DO NOTHING;
INSERT INTO public."faq" ("id", "owner_user_id", "gite_id", "question", "categorie", "ordre", "created_at", "updated_at", "answer", "question_en", "answer_en", "reponse_en", "priority", "category") VALUES ('c4d4d0f5-343e-4343-98af-abd63ddb2520'::uuid, '12296d3d-696b-4c5d-95b7-e0b3a1dd1814'::uuid, NULL, 'Que se passe-t-il si j''oublie quelque chose sur place ?', NULL, 0, '2026-02-18T15:37:19.979171+00:00', '2026-02-18T15:37:19.979171+00:00', 'Avant toute chose, nous vous conseillons vivement de faire un tour complet du gîte avant votre départ : chambres, salles de bain, terrasse, placards... un petit passage dans chaque pièce suffit souvent à éviter les oublis !
Si malgré tout vous avez laissé quelque chose sur place, contactez-nous dès que possible. Nous faisons notre maximum pour retrouver vos affaires et vous les retourner. Cependant, en raison de l''enchaînement des séjours, nous ne pouvons pas garantir la conservation des objets oubliés, ceux-ci pouvant avoir été déplacés ou ne plus être retrouvés lors de la préparation du gîte suivant.
La meilleure assurance reste donc un bon coup d''œil avant de fermer la porte ! 😊', 'What happens if I forget something on the spot?', 'First of all, we strongly advise you to take a complete tour of the cottage before your departure: bedrooms, bathrooms, terrace, cupboards... a small passage in each room is often enough to avoid forgetfulness! If you still left something behind, please contact us as soon as possible. We do our best to find your belongings and return them to you. However, due to the sequence of stays, we cannot guarantee the preservation of forgotten objects, as they may have been moved or no longer be found during the preparation of the next cottage. So the best insurance remains a good look before closing the door! 😊', NULL, 0, 'autre') ON CONFLICT DO NOTHING;
INSERT INTO public."faq" ("id", "owner_user_id", "gite_id", "question", "categorie", "ordre", "created_at", "updated_at", "answer", "question_en", "answer_en", "reponse_en", "priority", "category") VALUES ('7091238a-b2d9-4042-b57d-baef17bee17c'::uuid, '12296d3d-696b-4c5d-95b7-e0b3a1dd1814'::uuid, NULL, 'Que faire en cas de problème ou de panne pendant le séjour ?', NULL, 0, '2026-02-18T15:35:55.698831+00:00', '2026-02-18T15:35:55.698831+00:00', 'Pas de panique ! Voici quelques réflexes simples pour les situations les plus courantes :
Problème électrique : en cas de coupure électrique, rendez-vous au tableau électrique et réenclenchez les disjoncteurs qui ont sauté. Cela résout la grande majorité des pannes électriques courantes.
Fuite ou problème d''eau : les arrivées d''eau principales se trouvent près du cumulus. En cas de fuite, coupez l''arrivée d''eau directement à cet endroit pour limiter les dégâts, puis contactez-nous immédiatement.
Problème de connexion internet : commencez par redémarrer la box en la débranchant quelques secondes puis en la rebranchant. Dans la grande majorité des cas cela suffit à rétablir la connexion !
Dans tous les cas, n''hésitez pas à nous contacter si le problème persiste, nous sommes disponibles pour vous aider et trouver une solution rapidement. 😊', 'What to do in case of a problem or breakdown during the stay?', 'Don''t panic! Here are some simple reflexes for the most common situations: Electrical problem: in the event of an electrical failure, go to the electrical panel and reset the circuit breakers that have blown. This resolves the vast majority of common electrical outages. Water leak or problem: The main water inlets are near the cumulus. In the event of a leak, turn off the water supply directly to this location to limit the damage, then contact us immediately. Internet connection problem: start by restarting the box by disconnecting it for a few seconds and then reconnecting it. In the vast majority of cases this is enough to restore the connection! In any case, do not hesitate to contact us if the problem persists, we are available to help you and find a solution quickly. 😊', NULL, 0, 'autre') ON CONFLICT DO NOTHING;
INSERT INTO public."activites_gites" ("id", "owner_user_id", "gite_id", "nom", "description", "categorie", "distance_km", "latitude", "longitude", "url", "telephone", "photos", "is_active", "created_at", "updated_at", "adresse", "note", "nb_avis") VALUES ('e9891a57-c446-439d-bfb3-0f48af40dca0'::uuid, '12296d3d-696b-4c5d-95b7-e0b3a1dd1814'::uuid, '2ee6c0bb-1a6a-4490-85e6-af75a1ff3f03'::uuid, 'REDACTED', NULL, 'Restaurant', 5, 45.9423139, 4.8173995, 'https://www.maisonbastien.fr/le-restaurant', NULL, '[]'::jsonb, TRUE, '2026-01-20T13:32:19.371968+00:00', '2026-01-20T13:32:19.371968+00:00', NULL, 4.7, 145) ON CONFLICT DO NOTHING;
INSERT INTO public."activites_gites" ("id", "owner_user_id", "gite_id", "nom", "description", "categorie", "distance_km", "latitude", "longitude", "url", "telephone", "photos", "is_active", "created_at", "updated_at", "adresse", "note", "nb_avis") VALUES ('c90b3b4d-dc61-4f06-a20b-fa3c0706680a'::uuid, '12296d3d-696b-4c5d-95b7-e0b3a1dd1814'::uuid, '2ee6c0bb-1a6a-4490-85e6-af75a1ff3f03'::uuid, 'REDACTED', NULL, 'Restaurant', 1.8, 45.9406565, 4.7756036, 'https://l-atelier-restaurant-trevoux.eatbu.com/?lang=fr', NULL, '[]'::jsonb, TRUE, '2026-01-20T13:26:18.826016+00:00', '2026-01-20T13:26:18.826016+00:00', NULL, 4.7, 142) ON CONFLICT DO NOTHING;
INSERT INTO public."activites_gites" ("id", "owner_user_id", "gite_id", "nom", "description", "categorie", "distance_km", "latitude", "longitude", "url", "telephone", "photos", "is_active", "created_at", "updated_at", "adresse", "note", "nb_avis") VALUES ('aeb3ec05-9048-46bf-8ffa-6c815a441a51'::uuid, '12296d3d-696b-4c5d-95b7-e0b3a1dd1814'::uuid, '2ee6c0bb-1a6a-4490-85e6-af75a1ff3f03'::uuid, 'REDACTED', NULL, 'Château', 1.6, 45.9428155, 4.774923, 'https://ars-trevoux.com/decouvrir/de-belles-surprises/monumentales-pepites/chateaufort-de-trevoux/', NULL, '[]'::jsonb, TRUE, '2026-01-22T16:30:33.2175+00:00', '2026-01-22T16:30:33.2175+00:00', NULL, NULL, NULL) ON CONFLICT DO NOTHING;
INSERT INTO public."activites_gites" ("id", "owner_user_id", "gite_id", "nom", "description", "categorie", "distance_km", "latitude", "longitude", "url", "telephone", "photos", "is_active", "created_at", "updated_at", "adresse", "note", "nb_avis") VALUES ('d90aac1f-ed99-415a-a2c8-45ab02814601'::uuid, '12296d3d-696b-4c5d-95b7-e0b3a1dd1814'::uuid, '2ee6c0bb-1a6a-4490-85e6-af75a1ff3f03'::uuid, 'REDACTED', 'pumptrack trévoux', 'Attraction', 2.4, 45.9390508, 4.7627365, 'https://www.mairie-trevoux.fr/wp-content/uploads/2025/02/AR-2025-009-Projet-de-Pumptrack-Demande-de-subvention-Annexe-2.pdf', NULL, '[]'::jsonb, TRUE, '2026-02-04T15:42:55.203917+00:00', '2026-02-04T15:42:55.203917+00:00', NULL, NULL, NULL) ON CONFLICT DO NOTHING;
INSERT INTO public."checklist_templates" ("id", "owner_user_id", "gite_id", "type", "ordre", "texte", "description", "actif", "created_at", "updated_at", "texte_en", "description_en") VALUES ('bf2174b7-479f-4e9f-bcc7-1eadda6050e4'::uuid, '12296d3d-696b-4c5d-95b7-e0b3a1dd1814'::uuid, '2ee6c0bb-1a6a-4490-85e6-af75a1ff3f03'::uuid, 'entree', 8, '☐	Trouver le badge / bip pour le portail', NULL, FALSE, '2026-02-18T15:48:30.713165+00:00', '2026-02-18T15:48:30.713165+00:00', '☐	Trouver le badge / bip pour le portail', NULL) ON CONFLICT DO NOTHING;
INSERT INTO public."checklist_templates" ("id", "owner_user_id", "gite_id", "type", "ordre", "texte", "description", "actif", "created_at", "updated_at", "texte_en", "description_en") VALUES ('799564cc-5c61-4a8b-bda9-19314d0747d1'::uuid, '12296d3d-696b-4c5d-95b7-e0b3a1dd1814'::uuid, '2ee6c0bb-1a6a-4490-85e6-af75a1ff3f03'::uuid, 'entree', 5, 'Récupérer le code de la boîte à clés  et les clés dans la boite', NULL, FALSE, '2026-02-18T15:47:16.484832+00:00', '2026-02-18T15:47:16.484832+00:00', 'Récupérer le code de la boîte à clés  et les clés dans la boite', NULL) ON CONFLICT DO NOTHING;
INSERT INTO public."checklist_templates" ("id", "owner_user_id", "gite_id", "type", "ordre", "texte", "description", "actif", "created_at", "updated_at", "texte_en", "description_en") VALUES ('da3ea24e-3ee9-41b5-afae-be4c2e15292d'::uuid, '12296d3d-696b-4c5d-95b7-e0b3a1dd1814'::uuid, '2ee6c0bb-1a6a-4490-85e6-af75a1ff3f03'::uuid, 'sortie', 1, 'test sortie', 'fais ça', FALSE, '2026-01-22T21:30:44.477496+00:00', '2026-01-22T21:30:44.477496+00:00', NULL, NULL) ON CONFLICT DO NOTHING;
INSERT INTO public."checklist_templates" ("id", "owner_user_id", "gite_id", "type", "ordre", "texte", "description", "actif", "created_at", "updated_at", "texte_en", "description_en") VALUES ('7418667d-34af-4667-9c5f-21235d7c9043'::uuid, '12296d3d-696b-4c5d-95b7-e0b3a1dd1814'::uuid, '2ee6c0bb-1a6a-4490-85e6-af75a1ff3f03'::uuid, 'sortie', 2, 'traduction sortie', 'traduction du texte', FALSE, '2026-01-23T14:58:42.651396+00:00', '2026-01-23T14:58:42.651396+00:00', 'translation output', 'Text translation') ON CONFLICT DO NOTHING;
INSERT INTO public."checklist_templates" ("id", "owner_user_id", "gite_id", "type", "ordre", "texte", "description", "actif", "created_at", "updated_at", "texte_en", "description_en") VALUES ('5080501c-b4da-49e4-9ad9-f2e471b2718d'::uuid, '12296d3d-696b-4c5d-95b7-e0b3a1dd1814'::uuid, '2ee6c0bb-1a6a-4490-85e6-af75a1ff3f03'::uuid, 'entree', 1, 'test maison', 'test maison', FALSE, '2026-01-22T16:44:56.187324+00:00', '2026-01-22T16:44:56.187324+00:00', 'home test', 'home test') ON CONFLICT DO NOTHING;
INSERT INTO public."checklist_templates" ("id", "owner_user_id", "gite_id", "type", "ordre", "texte", "description", "actif", "created_at", "updated_at", "texte_en", "description_en") VALUES ('4dc5539d-a87e-4644-9581-0c029d008975'::uuid, '12296d3d-696b-4c5d-95b7-e0b3a1dd1814'::uuid, '2ee6c0bb-1a6a-4490-85e6-af75a1ff3f03'::uuid, 'entree', 2, 'test chek', 'test modicication anglais', FALSE, '2026-01-14T09:12:21.573831+00:00', '2026-01-14T09:12:21.573831+00:00', 'chek test', 'test modicication english') ON CONFLICT DO NOTHING;
INSERT INTO public."checklist_templates" ("id", "owner_user_id", "gite_id", "type", "ordre", "texte", "description", "actif", "created_at", "updated_at", "texte_en", "description_en") VALUES ('7ec808cd-33bc-4d17-8b1f-e0ce5d3e116e'::uuid, '12296d3d-696b-4c5d-95b7-e0b3a1dd1814'::uuid, '2ee6c0bb-1a6a-4490-85e6-af75a1ff3f03'::uuid, 'entree', 3, 'vérifier le wifi', 'vérifier à votre arrivée que le wifi est opérationnel', FALSE, '2026-02-17T16:07:16.649198+00:00', '2026-02-17T16:07:16.649198+00:00', 'check wifi', 'check when you arrive that the wifi is operational') ON CONFLICT DO NOTHING;
INSERT INTO public."checklist_templates" ("id", "owner_user_id", "gite_id", "type", "ordre", "texte", "description", "actif", "created_at", "updated_at", "texte_en", "description_en") VALUES ('5524afe3-f016-4ab5-b438-2b9e0b0aeceb'::uuid, '12296d3d-696b-4c5d-95b7-e0b3a1dd1814'::uuid, '2ee6c0bb-1a6a-4490-85e6-af75a1ff3f03'::uuid, 'entree', 4, 'test création', 'test descriptifs', FALSE, '2026-02-17T16:25:36.285401+00:00', '2026-02-17T16:25:36.285401+00:00', 'test creation', 'test descriptive') ON CONFLICT DO NOTHING;
INSERT INTO public."checklist_templates" ("id", "owner_user_id", "gite_id", "type", "ordre", "texte", "description", "actif", "created_at", "updated_at", "texte_en", "description_en") VALUES ('e5464490-3046-4bef-b65f-39aeca208f62'::uuid, '12296d3d-696b-4c5d-95b7-e0b3a1dd1814'::uuid, '2ee6c0bb-1a6a-4490-85e6-af75a1ff3f03'::uuid, 'entree', 6, '☐	Trouver le badge / bip pour le portail (Trévoux)', NULL, FALSE, '2026-02-18T15:47:54.330551+00:00', '2026-02-18T15:47:54.330551+00:00', '☐	Trouver le badge / bip pour le portail (Trévoux)', NULL) ON CONFLICT DO NOTHING;
INSERT INTO public."checklist_templates" ("id", "owner_user_id", "gite_id", "type", "ordre", "texte", "description", "actif", "created_at", "updated_at", "texte_en", "description_en") VALUES ('17919a99-a79b-4053-91af-6c960108f8ca'::uuid, '12296d3d-696b-4c5d-95b7-e0b3a1dd1814'::uuid, '2ee6c0bb-1a6a-4490-85e6-af75a1ff3f03'::uuid, 'entree', 14, 'Laisser le gîte dans l''état dans lequel vous l''avez trouvé', NULL, FALSE, '2026-02-18T16:15:39.269001+00:00', '2026-02-18T16:15:39.269001+00:00', 'Laisser le gîte dans l''état dans lequel vous l''avez trouvé', NULL) ON CONFLICT DO NOTHING;
INSERT INTO public."checklist_templates" ("id", "owner_user_id", "gite_id", "type", "ordre", "texte", "description", "actif", "created_at", "updated_at", "texte_en", "description_en") VALUES ('29273ce7-20eb-492c-896f-762cd0d48e6d'::uuid, '12296d3d-696b-4c5d-95b7-e0b3a1dd1814'::uuid, '2ee6c0bb-1a6a-4490-85e6-af75a1ff3f03'::uuid, 'entree', 13, 'Laisser la cuisine dans un état correct (vaisselle faite, plans de travail essuyés)', NULL, FALSE, '2026-02-18T16:15:27.399319+00:00', '2026-02-18T16:15:27.399319+00:00', 'Laisser la cuisine dans un état correct (vaisselle faite, plans de travail essuyés)', NULL) ON CONFLICT DO NOTHING;
INSERT INTO public."checklist_templates" ("id", "owner_user_id", "gite_id", "type", "ordre", "texte", "description", "actif", "created_at", "updated_at", "texte_en", "description_en") VALUES ('34cd85ae-9aab-4e9b-b8a3-77bc5e2fb0de'::uuid, '12296d3d-696b-4c5d-95b7-e0b3a1dd1814'::uuid, '2ee6c0bb-1a6a-4490-85e6-af75a1ff3f03'::uuid, 'entree', 11, 'Déposer les clés dans la boîte à clés refermer et nous envoyer un message', NULL, FALSE, '2026-02-18T16:15:00.924985+00:00', '2026-02-18T16:15:00.924985+00:00', 'Déposer les clés dans la boîte à clés refermer et nous envoyer un message', NULL) ON CONFLICT DO NOTHING;
INSERT INTO public."checklist_templates" ("id", "owner_user_id", "gite_id", "type", "ordre", "texte", "description", "actif", "created_at", "updated_at", "texte_en", "description_en") VALUES ('f4072070-6e06-45fd-b932-4867853ab2f2'::uuid, '12296d3d-696b-4c5d-95b7-e0b3a1dd1814'::uuid, '2ee6c0bb-1a6a-4490-85e6-af75a1ff3f03'::uuid, 'entree', 12, 'Vider les poubelles et jeter les mégots bien éteints dans les poubelles', NULL, FALSE, '2026-02-18T16:15:13.525203+00:00', '2026-02-18T16:15:13.525203+00:00', 'Vider les poubelles et jeter les mégots bien éteints dans les poubelles', NULL) ON CONFLICT DO NOTHING;
INSERT INTO public."checklist_templates" ("id", "owner_user_id", "gite_id", "type", "ordre", "texte", "description", "actif", "created_at", "updated_at", "texte_en", "description_en") VALUES ('602de273-e0a0-42b6-a907-fd3f6ecebe04'::uuid, '12296d3d-696b-4c5d-95b7-e0b3a1dd1814'::uuid, '2ee6c0bb-1a6a-4490-85e6-af75a1ff3f03'::uuid, 'entree', 9, 'Trouver le badge / bip pour le portail', NULL, TRUE, '2026-02-18T15:50:09.515752+00:00', '2026-02-18T15:50:09.515752+00:00', 'Find the badge / beep for the portal', NULL) ON CONFLICT DO NOTHING;
INSERT INTO public."checklist_templates" ("id", "owner_user_id", "gite_id", "type", "ordre", "texte", "description", "actif", "created_at", "updated_at", "texte_en", "description_en") VALUES ('461641e4-a368-433d-95aa-3878fed77540'::uuid, '12296d3d-696b-4c5d-95b7-e0b3a1dd1814'::uuid, '2ee6c0bb-1a6a-4490-85e6-af75a1ff3f03'::uuid, 'entree', 10, 'Récupérer le code de la boîte à clés , les clés dans la boite et envoyer un sms de confirmation', NULL, TRUE, '2026-02-18T15:51:04.078482+00:00', '2026-02-18T15:51:04.078482+00:00', 'Retrieve the keybox code, keys from the box and send a confirmation SMS', NULL) ON CONFLICT DO NOTHING;
INSERT INTO public."checklist_templates" ("id", "owner_user_id", "gite_id", "type", "ordre", "texte", "description", "actif", "created_at", "updated_at", "texte_en", "description_en") VALUES ('b678ce18-6ad6-42cd-b7a5-38c9ca44a634'::uuid, '12296d3d-696b-4c5d-95b7-e0b3a1dd1814'::uuid, '2ee6c0bb-1a6a-4490-85e6-af75a1ff3f03'::uuid, 'sortie', 3, 'Descendre le linge utilisé (draps, serviettes) au rez-de-chaussée', NULL, TRUE, '2026-02-18T16:11:50.344112+00:00', '2026-02-18T16:11:50.344112+00:00', 'Lower the used linen (sheets, towels) to the ground floor', NULL) ON CONFLICT DO NOTHING;
INSERT INTO public."checklist_templates" ("id", "owner_user_id", "gite_id", "type", "ordre", "texte", "description", "actif", "created_at", "updated_at", "texte_en", "description_en") VALUES ('ad4da239-3dff-4e90-8f4c-e9e0362966a1'::uuid, '12296d3d-696b-4c5d-95b7-e0b3a1dd1814'::uuid, '2ee6c0bb-1a6a-4490-85e6-af75a1ff3f03'::uuid, 'entree', 7, 'Rentrer tous les véhicules dans la cour privative', NULL, TRUE, '2026-02-18T15:48:15.80262+00:00', '2026-02-18T15:48:15.80262+00:00', 'Return all vehicles to the private courtyard', NULL) ON CONFLICT DO NOTHING;
INSERT INTO public."checklist_templates" ("id", "owner_user_id", "gite_id", "type", "ordre", "texte", "description", "actif", "created_at", "updated_at", "texte_en", "description_en") VALUES ('39271cc9-b095-41f5-959e-827903223dec'::uuid, '12296d3d-696b-4c5d-95b7-e0b3a1dd1814'::uuid, '2ee6c0bb-1a6a-4490-85e6-af75a1ff3f03'::uuid, 'sortie', 4, 'Nettoyer la plancha à gaz (non inclus dans le ménage)', NULL, TRUE, '2026-02-18T16:12:21.93623+00:00', '2026-02-18T16:12:21.93623+00:00', 'Clean the gas shelf (not included in the household)', NULL) ON CONFLICT DO NOTHING;
INSERT INTO public."checklist_templates" ("id", "owner_user_id", "gite_id", "type", "ordre", "texte", "description", "actif", "created_at", "updated_at", "texte_en", "description_en") VALUES ('3dba80de-877d-48c4-bc64-060c1e219da4'::uuid, '12296d3d-696b-4c5d-95b7-e0b3a1dd1814'::uuid, '2ee6c0bb-1a6a-4490-85e6-af75a1ff3f03'::uuid, 'sortie', 5, 'Laisser la cuisine dans un état correct (vaisselle faite, plans de travail essuyés)', NULL, TRUE, '2026-02-18T16:12:41.411324+00:00', '2026-02-18T16:12:41.411324+00:00', 'Leave the kitchen in proper condition (dishes done, worktops wiped)', NULL) ON CONFLICT DO NOTHING;
INSERT INTO public."checklist_templates" ("id", "owner_user_id", "gite_id", "type", "ordre", "texte", "description", "actif", "created_at", "updated_at", "texte_en", "description_en") VALUES ('336e9b92-552f-4564-a996-cf689c199c25'::uuid, '12296d3d-696b-4c5d-95b7-e0b3a1dd1814'::uuid, '2ee6c0bb-1a6a-4490-85e6-af75a1ff3f03'::uuid, 'sortie', 6, 'Vider les poubelles et jeter les mégots bien éteints dans les poubelles', NULL, TRUE, '2026-02-18T16:13:14.077646+00:00', '2026-02-18T16:13:14.077646+00:00', 'Empty the bins and throw the extinguished butts into the bins', NULL) ON CONFLICT DO NOTHING;
INSERT INTO public."checklist_templates" ("id", "owner_user_id", "gite_id", "type", "ordre", "texte", "description", "actif", "created_at", "updated_at", "texte_en", "description_en") VALUES ('70785b36-d5d6-49a0-814f-4eaef00fdff8'::uuid, '12296d3d-696b-4c5d-95b7-e0b3a1dd1814'::uuid, '2ee6c0bb-1a6a-4490-85e6-af75a1ff3f03'::uuid, 'sortie', 7, 'Laisser le gîte dans l''état dans lequel vous l''avez trouvé', NULL, TRUE, '2026-02-18T16:13:24.61603+00:00', '2026-02-18T16:13:24.61603+00:00', 'Leave the cottage in the state in which you found it', NULL) ON CONFLICT DO NOTHING;
INSERT INTO public."checklist_templates" ("id", "owner_user_id", "gite_id", "type", "ordre", "texte", "description", "actif", "created_at", "updated_at", "texte_en", "description_en") VALUES ('c3d60d62-8018-4d5d-a1da-96a40b8e338a'::uuid, '12296d3d-696b-4c5d-95b7-e0b3a1dd1814'::uuid, '2ee6c0bb-1a6a-4490-85e6-af75a1ff3f03'::uuid, 'sortie', 8, 'Faire un tour complet de toutes les pièces pour ne rien oublier', NULL, TRUE, '2026-02-18T16:13:59.905815+00:00', '2026-02-18T16:13:59.905815+00:00', 'Take a complete tour of all the rooms so you don''t forget anything', NULL) ON CONFLICT DO NOTHING;
INSERT INTO public."checklist_templates" ("id", "owner_user_id", "gite_id", "type", "ordre", "texte", "description", "actif", "created_at", "updated_at", "texte_en", "description_en") VALUES ('f29a27f2-4a94-4177-8a8c-0db1422cb8c5'::uuid, '12296d3d-696b-4c5d-95b7-e0b3a1dd1814'::uuid, '2ee6c0bb-1a6a-4490-85e6-af75a1ff3f03'::uuid, 'sortie', 9, 'Déposer les clés dans la boîte à clés refermer et nous envoyer un message', NULL, TRUE, '2026-02-18T16:14:47.037957+00:00', '2026-02-18T16:14:47.037957+00:00', 'Drop the keys in the lockbox and send us a message', NULL) ON CONFLICT DO NOTHING;
INSERT INTO public."checklist_templates" ("id", "owner_user_id", "gite_id", "type", "ordre", "texte", "description", "actif", "created_at", "updated_at", "texte_en", "description_en") VALUES ('959a92ce-c369-48d3-8d8d-e71af619d84d'::uuid, '12296d3d-696b-4c5d-95b7-e0b3a1dd1814'::uuid, '655e201e-f0ae-40a1-90d7-1dd7876e5d97'::uuid, 'sortie', 1, 'Descendre le linge utilisé (draps, serviettes) au rez-de-chaussée', NULL, TRUE, '2026-02-18T16:12:03.899426+00:00', '2026-02-18T16:12:03.899426+00:00', 'Lower the used linen (sheets, towels) to the ground floor', NULL) ON CONFLICT DO NOTHING;
INSERT INTO public."checklist_templates" ("id", "owner_user_id", "gite_id", "type", "ordre", "texte", "description", "actif", "created_at", "updated_at", "texte_en", "description_en") VALUES ('4c44676f-8f7b-46e7-a468-d3ceb6c97b0a'::uuid, '12296d3d-696b-4c5d-95b7-e0b3a1dd1814'::uuid, '655e201e-f0ae-40a1-90d7-1dd7876e5d97'::uuid, 'sortie', 2, 'Laisser la cuisine dans un état correct (vaisselle faite, plans de travail essuyés)', NULL, TRUE, '2026-02-18T16:12:52.311632+00:00', '2026-02-18T16:12:52.311632+00:00', 'Leave the kitchen in proper condition (dishes done, worktops wiped)', NULL) ON CONFLICT DO NOTHING;
INSERT INTO public."checklist_templates" ("id", "owner_user_id", "gite_id", "type", "ordre", "texte", "description", "actif", "created_at", "updated_at", "texte_en", "description_en") VALUES ('50fba93a-383b-4fa7-90db-64e781f557d8'::uuid, '12296d3d-696b-4c5d-95b7-e0b3a1dd1814'::uuid, '655e201e-f0ae-40a1-90d7-1dd7876e5d97'::uuid, 'sortie', 3, 'Vider les poubelles et jeter les mégots bien éteints dans les poubelles', NULL, TRUE, '2026-02-18T16:13:04.139729+00:00', '2026-02-18T16:13:04.139729+00:00', 'Empty the bins and throw the extinguished butts into the bins', NULL) ON CONFLICT DO NOTHING;
INSERT INTO public."checklist_templates" ("id", "owner_user_id", "gite_id", "type", "ordre", "texte", "description", "actif", "created_at", "updated_at", "texte_en", "description_en") VALUES ('06515f9b-8455-4f56-8ff0-e675706985bb'::uuid, '12296d3d-696b-4c5d-95b7-e0b3a1dd1814'::uuid, '655e201e-f0ae-40a1-90d7-1dd7876e5d97'::uuid, 'sortie', 4, 'Laisser le gîte dans l''état dans lequel vous l''avez trouvé', NULL, TRUE, '2026-02-18T16:13:32.361958+00:00', '2026-02-18T16:13:32.361958+00:00', 'Leave the cottage in the state in which you found it', NULL) ON CONFLICT DO NOTHING;
INSERT INTO public."checklist_templates" ("id", "owner_user_id", "gite_id", "type", "ordre", "texte", "description", "actif", "created_at", "updated_at", "texte_en", "description_en") VALUES ('b61bd25b-2122-4061-84b3-31c6a20d39b6'::uuid, '12296d3d-696b-4c5d-95b7-e0b3a1dd1814'::uuid, '655e201e-f0ae-40a1-90d7-1dd7876e5d97'::uuid, 'sortie', 5, 'Faire un tour complet de toutes les pièces pour ne rien oublier', NULL, TRUE, '2026-02-18T16:13:49.263178+00:00', '2026-02-18T16:13:49.263178+00:00', 'Take a complete tour of all the rooms so you don''t forget anything', NULL) ON CONFLICT DO NOTHING;
INSERT INTO public."checklist_templates" ("id", "owner_user_id", "gite_id", "type", "ordre", "texte", "description", "actif", "created_at", "updated_at", "texte_en", "description_en") VALUES ('c0058cee-b28a-45f7-a042-76d25fc41f6f'::uuid, '12296d3d-696b-4c5d-95b7-e0b3a1dd1814'::uuid, '655e201e-f0ae-40a1-90d7-1dd7876e5d97'::uuid, 'sortie', 6, 'Déposer les clés dans la boîte à clés  refermer et nous envoyer un message', NULL, TRUE, '2026-02-18T16:17:16.990014+00:00', '2026-02-18T16:17:16.990014+00:00', 'Drop the keys in the lockbox and send us a message', NULL) ON CONFLICT DO NOTHING;
INSERT INTO public."checklist_templates" ("id", "owner_user_id", "gite_id", "type", "ordre", "texte", "description", "actif", "created_at", "updated_at", "texte_en", "description_en") VALUES ('c1986ed5-3c94-44fd-86a4-59924ce4d812'::uuid, '12296d3d-696b-4c5d-95b7-e0b3a1dd1814'::uuid, '655e201e-f0ae-40a1-90d7-1dd7876e5d97'::uuid, 'entree', 2, 'Ouvrir le gîte et prendre possession des lieux et envoyé un message de confirmation', NULL, TRUE, '2026-02-18T15:49:45.72255+00:00', '2026-02-18T15:49:45.72255+00:00', 'Ouvrir le gîte et prendre possession des lieux et envoyé un message de confirmation', NULL) ON CONFLICT DO NOTHING;
INSERT INTO public."checklist_templates" ("id", "owner_user_id", "gite_id", "type", "ordre", "texte", "description", "actif", "created_at", "updated_at", "texte_en", "description_en") VALUES ('bb39389b-f20e-4515-b95b-74f43c2ef08b'::uuid, '12296d3d-696b-4c5d-95b7-e0b3a1dd1814'::uuid, '655e201e-f0ae-40a1-90d7-1dd7876e5d97'::uuid, 'entree', 1, 'Récupérer le code de la boîte et les clés dans la boite', NULL, TRUE, '2026-02-18T15:49:11.288383+00:00', '2026-02-18T15:49:11.288383+00:00', 'Récupérer le code de la boîte et les clés dans la boite', NULL) ON CONFLICT DO NOTHING;
INSERT INTO public."checklist_progress" ("id", "owner_user_id", "reservation_id", "template_id", "completed", "completed_at", "completed_by", "notes", "created_at") VALUES ('21fcdfab-6ac2-4870-a54f-2e6747c8fa69'::uuid, '12296d3d-696b-4c5d-95b7-e0b3a1dd1814'::uuid, 'b8587cbb-176b-49ad-bdad-370733c94feb'::uuid, '5080501c-b4da-49e4-9ad9-f2e471b2718d'::uuid, TRUE, '2026-01-22T21:51:38.451+00:00', NULL, NULL, '2026-01-22T21:51:37.330969+00:00') ON CONFLICT DO NOTHING;
INSERT INTO public."checklist_progress" ("id", "owner_user_id", "reservation_id", "template_id", "completed", "completed_at", "completed_by", "notes", "created_at") VALUES ('fe1b1b9b-e5bf-48b7-bd8f-247175be08c8'::uuid, '12296d3d-696b-4c5d-95b7-e0b3a1dd1814'::uuid, 'b8587cbb-176b-49ad-bdad-370733c94feb'::uuid, '4dc5539d-a87e-4644-9581-0c029d008975'::uuid, TRUE, '2026-01-22T21:51:39.175+00:00', NULL, NULL, '2026-01-22T21:51:38.023832+00:00') ON CONFLICT DO NOTHING;
INSERT INTO public."checklist_progress" ("id", "owner_user_id", "reservation_id", "template_id", "completed", "completed_at", "completed_by", "notes", "created_at") VALUES ('2c243091-05dd-4291-99c0-8b838443f9f2'::uuid, '12296d3d-696b-4c5d-95b7-e0b3a1dd1814'::uuid, '4671a2d3-ea0c-49bc-bc65-37ce67e1ca39'::uuid, '5080501c-b4da-49e4-9ad9-f2e471b2718d'::uuid, TRUE, '2026-01-28T15:51:17.418+00:00', NULL, NULL, '2026-01-28T15:51:16.412045+00:00') ON CONFLICT DO NOTHING;
INSERT INTO public."checklist_progress" ("id", "owner_user_id", "reservation_id", "template_id", "completed", "completed_at", "completed_by", "notes", "created_at") VALUES ('f4e24f16-fc64-4ef9-a87b-5d6d1afdaefd'::uuid, '12296d3d-696b-4c5d-95b7-e0b3a1dd1814'::uuid, 'e40fef57-a6e2-4440-a670-4e6a2f15852c'::uuid, '5080501c-b4da-49e4-9ad9-f2e471b2718d'::uuid, FALSE, NULL, NULL, NULL, '2026-02-02T14:14:16.917039+00:00') ON CONFLICT DO NOTHING;
INSERT INTO public."checklist_progress" ("id", "owner_user_id", "reservation_id", "template_id", "completed", "completed_at", "completed_by", "notes", "created_at") VALUES ('1ba58e69-152e-4f36-a0f9-f47a57ccf7ec'::uuid, '12296d3d-696b-4c5d-95b7-e0b3a1dd1814'::uuid, 'e40fef57-a6e2-4440-a670-4e6a2f15852c'::uuid, '4dc5539d-a87e-4644-9581-0c029d008975'::uuid, TRUE, '2026-02-02T14:14:23.676+00:00', NULL, NULL, '2026-02-02T14:14:23.27601+00:00') ON CONFLICT DO NOTHING;
INSERT INTO public."checklist_progress" ("id", "owner_user_id", "reservation_id", "template_id", "completed", "completed_at", "completed_by", "notes", "created_at") VALUES ('126d2b22-8b34-410e-9f15-9f58314ec528'::uuid, '12296d3d-696b-4c5d-95b7-e0b3a1dd1814'::uuid, 'e40fef57-a6e2-4440-a670-4e6a2f15852c'::uuid, 'da3ea24e-3ee9-41b5-afae-be4c2e15292d'::uuid, TRUE, '2026-02-02T15:42:48.817+00:00', NULL, NULL, '2026-02-02T15:42:48.260289+00:00') ON CONFLICT DO NOTHING;
INSERT INTO public."checklist_progress" ("id", "owner_user_id", "reservation_id", "template_id", "completed", "completed_at", "completed_by", "notes", "created_at") VALUES ('b73bc35f-4ba0-4b4c-9ed3-27980ffb12d0'::uuid, '12296d3d-696b-4c5d-95b7-e0b3a1dd1814'::uuid, 'e40fef57-a6e2-4440-a670-4e6a2f15852c'::uuid, '7418667d-34af-4667-9c5f-21235d7c9043'::uuid, TRUE, '2026-02-02T15:42:50.669+00:00', NULL, NULL, '2026-02-02T15:42:50.084609+00:00') ON CONFLICT DO NOTHING;
INSERT INTO public."checklist_progress" ("id", "owner_user_id", "reservation_id", "template_id", "completed", "completed_at", "completed_by", "notes", "created_at") VALUES ('028e2ea2-9ed3-4797-99e5-03beaf0d07d1'::uuid, '12296d3d-696b-4c5d-95b7-e0b3a1dd1814'::uuid, 'ca55fe96-e27a-446d-b561-6296aebbf74e'::uuid, 'da3ea24e-3ee9-41b5-afae-be4c2e15292d'::uuid, TRUE, '2026-02-09T21:14:30.67+00:00', NULL, NULL, '2026-02-09T21:14:30.441109+00:00') ON CONFLICT DO NOTHING;
INSERT INTO public."checklist_progress" ("id", "owner_user_id", "reservation_id", "template_id", "completed", "completed_at", "completed_by", "notes", "created_at") VALUES ('647b4632-4d5e-4160-a1f3-ec5cd7bdbfce'::uuid, '12296d3d-696b-4c5d-95b7-e0b3a1dd1814'::uuid, '0e6d6434-5b05-4ef3-9616-f46cbfe7bba5'::uuid, '5080501c-b4da-49e4-9ad9-f2e471b2718d'::uuid, TRUE, '2026-02-16T20:15:37.311+00:00', NULL, NULL, '2026-02-16T20:15:37.456773+00:00') ON CONFLICT DO NOTHING;
INSERT INTO public."checklist_progress" ("id", "owner_user_id", "reservation_id", "template_id", "completed", "completed_at", "completed_by", "notes", "created_at") VALUES ('58182d8b-6ac8-4d35-acf1-f5540931d574'::uuid, '12296d3d-696b-4c5d-95b7-e0b3a1dd1814'::uuid, '0e6d6434-5b05-4ef3-9616-f46cbfe7bba5'::uuid, 'b678ce18-6ad6-42cd-b7a5-38c9ca44a634'::uuid, TRUE, '2026-02-20T14:00:01.15+00:00', NULL, NULL, '2026-02-20T14:00:01.217498+00:00') ON CONFLICT DO NOTHING;
INSERT INTO public."checklist_progress" ("id", "owner_user_id", "reservation_id", "template_id", "completed", "completed_at", "completed_by", "notes", "created_at") VALUES ('5e3d3330-0d77-456c-8fb7-2d1436749981'::uuid, '12296d3d-696b-4c5d-95b7-e0b3a1dd1814'::uuid, '0e6d6434-5b05-4ef3-9616-f46cbfe7bba5'::uuid, '39271cc9-b095-41f5-959e-827903223dec'::uuid, TRUE, '2026-02-20T14:00:01.848+00:00', NULL, NULL, '2026-02-20T14:00:01.910827+00:00') ON CONFLICT DO NOTHING;
INSERT INTO public."checklist_progress" ("id", "owner_user_id", "reservation_id", "template_id", "completed", "completed_at", "completed_by", "notes", "created_at") VALUES ('28798b8c-346e-4dc4-b156-1de86de7a200'::uuid, '12296d3d-696b-4c5d-95b7-e0b3a1dd1814'::uuid, '0e6d6434-5b05-4ef3-9616-f46cbfe7bba5'::uuid, '3dba80de-877d-48c4-bc64-060c1e219da4'::uuid, TRUE, '2026-02-20T14:00:02.53+00:00', NULL, NULL, '2026-02-20T14:00:02.591942+00:00') ON CONFLICT DO NOTHING;
INSERT INTO public."checklist_progress" ("id", "owner_user_id", "reservation_id", "template_id", "completed", "completed_at", "completed_by", "notes", "created_at") VALUES ('8ae166af-9d3f-4ad4-a415-705123437196'::uuid, '12296d3d-696b-4c5d-95b7-e0b3a1dd1814'::uuid, '0e6d6434-5b05-4ef3-9616-f46cbfe7bba5'::uuid, 'ad4da239-3dff-4e90-8f4c-e9e0362966a1'::uuid, TRUE, '2026-02-21T13:13:06.96+00:00', NULL, NULL, '2026-02-20T13:59:39.389594+00:00') ON CONFLICT DO NOTHING;
INSERT INTO public."checklist_progress" ("id", "owner_user_id", "reservation_id", "template_id", "completed", "completed_at", "completed_by", "notes", "created_at") VALUES ('e199434a-545c-4691-b3d8-574cbbec4f15'::uuid, '12296d3d-696b-4c5d-95b7-e0b3a1dd1814'::uuid, '0e6d6434-5b05-4ef3-9616-f46cbfe7bba5'::uuid, '461641e4-a368-433d-95aa-3878fed77540'::uuid, FALSE, NULL, NULL, NULL, '2026-02-21T13:13:20.954072+00:00') ON CONFLICT DO NOTHING;
INSERT INTO public."checklist_progress" ("id", "owner_user_id", "reservation_id", "template_id", "completed", "completed_at", "completed_by", "notes", "created_at") VALUES ('7ffe1cae-6d08-40db-9d44-7a4260efe7a1'::uuid, '12296d3d-696b-4c5d-95b7-e0b3a1dd1814'::uuid, '0e6d6434-5b05-4ef3-9616-f46cbfe7bba5'::uuid, '602de273-e0a0-42b6-a907-fd3f6ecebe04'::uuid, FALSE, NULL, NULL, NULL, '2026-02-20T13:59:41.629909+00:00') ON CONFLICT DO NOTHING;
INSERT INTO public."checklist_progress" ("id", "owner_user_id", "reservation_id", "template_id", "completed", "completed_at", "completed_by", "notes", "created_at") VALUES ('33cd3f91-386c-41d3-a03a-c64a671aa74e'::uuid, '12296d3d-696b-4c5d-95b7-e0b3a1dd1814'::uuid, '0e6d6434-5b05-4ef3-9616-f46cbfe7bba5'::uuid, '336e9b92-552f-4564-a996-cf689c199c25'::uuid, FALSE, NULL, NULL, NULL, '2026-02-20T14:00:03.739708+00:00') ON CONFLICT DO NOTHING;
INSERT INTO public."checklist_progress" ("id", "owner_user_id", "reservation_id", "template_id", "completed", "completed_at", "completed_by", "notes", "created_at") VALUES ('2dc74af8-d4e2-4ae3-91fa-840c8940b04b'::uuid, '12296d3d-696b-4c5d-95b7-e0b3a1dd1814'::uuid, '0e6d6434-5b05-4ef3-9616-f46cbfe7bba5'::uuid, '70785b36-d5d6-49a0-814f-4eaef00fdff8'::uuid, FALSE, NULL, NULL, NULL, '2026-02-21T14:56:34.343793+00:00') ON CONFLICT DO NOTHING;
INSERT INTO public."checklist_progress" ("id", "owner_user_id", "reservation_id", "template_id", "completed", "completed_at", "completed_by", "notes", "created_at") VALUES ('5c662909-c1c6-48cb-b505-8957047cc622'::uuid, '12296d3d-696b-4c5d-95b7-e0b3a1dd1814'::uuid, '0e6d6434-5b05-4ef3-9616-f46cbfe7bba5'::uuid, 'c3d60d62-8018-4d5d-a1da-96a40b8e338a'::uuid, FALSE, NULL, NULL, NULL, '2026-02-21T14:56:42.840182+00:00') ON CONFLICT DO NOTHING;
INSERT INTO public."checklist_progress" ("id", "owner_user_id", "reservation_id", "template_id", "completed", "completed_at", "completed_by", "notes", "created_at") VALUES ('a7506d58-54a6-4c47-a83c-81b0d82bec63'::uuid, '12296d3d-696b-4c5d-95b7-e0b3a1dd1814'::uuid, '90b425cf-cb02-4d09-9a38-ad3b89d740b1'::uuid, 'ad4da239-3dff-4e90-8f4c-e9e0362966a1'::uuid, TRUE, '2026-02-23T09:17:09.43+00:00', NULL, NULL, '2026-02-23T09:17:09.548114+00:00') ON CONFLICT DO NOTHING;
INSERT INTO public."checklist_progress" ("id", "owner_user_id", "reservation_id", "template_id", "completed", "completed_at", "completed_by", "notes", "created_at") VALUES ('9e0f26ae-37f5-4a76-8e56-2504a6286265'::uuid, '12296d3d-696b-4c5d-95b7-e0b3a1dd1814'::uuid, '90b425cf-cb02-4d09-9a38-ad3b89d740b1'::uuid, '602de273-e0a0-42b6-a907-fd3f6ecebe04'::uuid, TRUE, '2026-02-23T09:17:26.55+00:00', NULL, NULL, '2026-02-23T09:17:26.625846+00:00') ON CONFLICT DO NOTHING;
INSERT INTO public."checklist_progress" ("id", "owner_user_id", "reservation_id", "template_id", "completed", "completed_at", "completed_by", "notes", "created_at") VALUES ('71fc687a-f4be-42f5-92d5-1407accb841c'::uuid, '12296d3d-696b-4c5d-95b7-e0b3a1dd1814'::uuid, '90b425cf-cb02-4d09-9a38-ad3b89d740b1'::uuid, '461641e4-a368-433d-95aa-3878fed77540'::uuid, TRUE, '2026-02-23T09:17:27.4+00:00', NULL, NULL, '2026-02-23T09:17:27.479456+00:00') ON CONFLICT DO NOTHING;
INSERT INTO public."checklist_progress" ("id", "owner_user_id", "reservation_id", "template_id", "completed", "completed_at", "completed_by", "notes", "created_at") VALUES ('85f40331-b2f7-4ec1-85ff-d601ca4a483e'::uuid, '12296d3d-696b-4c5d-95b7-e0b3a1dd1814'::uuid, '90b425cf-cb02-4d09-9a38-ad3b89d740b1'::uuid, 'b678ce18-6ad6-42cd-b7a5-38c9ca44a634'::uuid, TRUE, '2026-02-23T09:19:39.346+00:00', NULL, NULL, '2026-02-23T09:19:39.445771+00:00') ON CONFLICT DO NOTHING;
INSERT INTO public."checklist_progress" ("id", "owner_user_id", "reservation_id", "template_id", "completed", "completed_at", "completed_by", "notes", "created_at") VALUES ('8e6e3ed8-8b10-4c93-9fc5-724a3d884426'::uuid, '12296d3d-696b-4c5d-95b7-e0b3a1dd1814'::uuid, '90b425cf-cb02-4d09-9a38-ad3b89d740b1'::uuid, '39271cc9-b095-41f5-959e-827903223dec'::uuid, TRUE, '2026-02-23T09:19:39.996+00:00', NULL, NULL, '2026-02-23T09:19:40.079065+00:00') ON CONFLICT DO NOTHING;
INSERT INTO public."checklist_progress" ("id", "owner_user_id", "reservation_id", "template_id", "completed", "completed_at", "completed_by", "notes", "created_at") VALUES ('fe06c58d-6647-46d9-bef7-f318160571a2'::uuid, '12296d3d-696b-4c5d-95b7-e0b3a1dd1814'::uuid, '90b425cf-cb02-4d09-9a38-ad3b89d740b1'::uuid, '3dba80de-877d-48c4-bc64-060c1e219da4'::uuid, TRUE, '2026-02-23T09:19:41.046+00:00', NULL, NULL, '2026-02-23T09:19:41.128361+00:00') ON CONFLICT DO NOTHING;
INSERT INTO public."client_access_tokens" ("id", "owner_user_id", "reservation_id", "token", "expires_at", "is_active", "created_at", "updated_at") VALUES ('73d321ce-df53-4361-830e-0e4c43fb908b'::uuid, '12296d3d-696b-4c5d-95b7-e0b3a1dd1814'::uuid, '0b2e3989-ce6c-4e1b-8410-75bc70b45a73'::uuid, 'REDACTED', '2026-03-09T00:00:00+00:00', TRUE, '2026-02-24T20:41:36.109+00:00', '2026-02-24T20:41:36.109+00:00') ON CONFLICT DO NOTHING;
INSERT INTO public."client_access_tokens" ("id", "owner_user_id", "reservation_id", "token", "expires_at", "is_active", "created_at", "updated_at") VALUES ('3ffb6986-f859-4d4f-9f89-60b453b82cbf'::uuid, '12296d3d-696b-4c5d-95b7-e0b3a1dd1814'::uuid, '3377fd8c-2dc8-4db5-9908-3b41a3296ef0'::uuid, 'REDACTED', '2026-02-20T19:59:57.850059+00:00', TRUE, '2026-01-21T15:00:16.394579+00:00', '2026-01-21T19:59:57.850059+00:00') ON CONFLICT DO NOTHING;
INSERT INTO public."client_access_tokens" ("id", "owner_user_id", "reservation_id", "token", "expires_at", "is_active", "created_at", "updated_at") VALUES ('8292e6e8-9151-442e-a603-95436f96f5d2'::uuid, '12296d3d-696b-4c5d-95b7-e0b3a1dd1814'::uuid, '68714254-61c7-41b5-95aa-8d9f963ece6a'::uuid, 'REDACTED', '2026-03-15T00:00:00+00:00', TRUE, '2026-03-02T16:37:45.366+00:00', '2026-03-02T21:40:53.8+00:00') ON CONFLICT DO NOTHING;
INSERT INTO public."client_access_tokens" ("id", "owner_user_id", "reservation_id", "token", "expires_at", "is_active", "created_at", "updated_at") VALUES ('bea927fe-a203-44e9-8c11-da68bca81a9d'::uuid, '12296d3d-696b-4c5d-95b7-e0b3a1dd1814'::uuid, 'e40fef57-a6e2-4440-a670-4e6a2f15852c'::uuid, 'REDACTED', '2026-02-13T00:00:00+00:00', TRUE, '2026-02-02T12:28:37.941+00:00', '2026-02-04T15:43:09.488+00:00') ON CONFLICT DO NOTHING;
INSERT INTO public."client_access_tokens" ("id", "owner_user_id", "reservation_id", "token", "expires_at", "is_active", "created_at", "updated_at") VALUES ('9635fda6-b741-4671-aaa7-ba7e59c3b21a'::uuid, '12296d3d-696b-4c5d-95b7-e0b3a1dd1814'::uuid, 'fbf54c0d-7328-44a7-97c4-2288bfbf68bc'::uuid, 'REDACTED', '2026-03-04T00:00:00+00:00', TRUE, '2026-02-22T20:27:47.802+00:00', '2026-02-24T21:34:21.663+00:00') ON CONFLICT DO NOTHING;
INSERT INTO public."client_access_tokens" ("id", "owner_user_id", "reservation_id", "token", "expires_at", "is_active", "created_at", "updated_at") VALUES ('91641688-8fbf-44db-b922-78f7c12a11ef'::uuid, '12296d3d-696b-4c5d-95b7-e0b3a1dd1814'::uuid, '90b425cf-cb02-4d09-9a38-ad3b89d740b1'::uuid, 'REDACTED', '2026-03-05T00:00:00+00:00', TRUE, '2026-02-20T11:07:24.504+00:00', '2026-02-24T21:34:28.455+00:00') ON CONFLICT DO NOTHING;
INSERT INTO public."client_access_tokens" ("id", "owner_user_id", "reservation_id", "token", "expires_at", "is_active", "created_at", "updated_at") VALUES ('e3df3613-cf31-4f09-bb90-c73e746e5bd5'::uuid, '12296d3d-696b-4c5d-95b7-e0b3a1dd1814'::uuid, 'ca55fe96-e27a-446d-b561-6296aebbf74e'::uuid, 'REDACTED', '2026-02-20T00:00:00+00:00', TRUE, '2026-02-09T11:29:19.681+00:00', '2026-02-12T19:17:38.889+00:00') ON CONFLICT DO NOTHING;
INSERT INTO public."client_access_tokens" ("id", "owner_user_id", "reservation_id", "token", "expires_at", "is_active", "created_at", "updated_at") VALUES ('1675402c-50a8-4f59-b978-d6b25fcdcd9e'::uuid, '12296d3d-696b-4c5d-95b7-e0b3a1dd1814'::uuid, 'd4c74772-e257-4468-a373-23cac49b9ded'::uuid, 'REDACTED', '2026-03-15T00:00:00+00:00', TRUE, '2026-03-02T11:03:33.8+00:00', '2026-03-05T15:54:14.995+00:00') ON CONFLICT DO NOTHING;
INSERT INTO public."client_access_tokens" ("id", "owner_user_id", "reservation_id", "token", "expires_at", "is_active", "created_at", "updated_at") VALUES ('4936b9d4-84db-440e-8d6d-78a82ad1dc01'::uuid, '12296d3d-696b-4c5d-95b7-e0b3a1dd1814'::uuid, '4671a2d3-ea0c-49bc-bc65-37ce67e1ca39'::uuid, 'REDACTED', '2026-02-06T00:00:00+00:00', TRUE, '2026-01-26T19:22:37.578+00:00', '2026-01-28T21:35:08.734+00:00') ON CONFLICT DO NOTHING;
INSERT INTO public."client_access_tokens" ("id", "owner_user_id", "reservation_id", "token", "expires_at", "is_active", "created_at", "updated_at") VALUES ('ac2645b0-14ae-4a2d-96ff-3450e18b1ec7'::uuid, '12296d3d-696b-4c5d-95b7-e0b3a1dd1814'::uuid, 'e5da4519-7d2b-4ede-bcd2-b30343f134ef'::uuid, 'REDACTED', '2026-02-08T00:00:00+00:00', TRUE, '2026-01-27T14:54:52.038+00:00', '2026-01-28T21:45:20.96+00:00') ON CONFLICT DO NOTHING;
INSERT INTO public."client_access_tokens" ("id", "owner_user_id", "reservation_id", "token", "expires_at", "is_active", "created_at", "updated_at") VALUES ('c7460487-d2a3-4ec0-8049-eb567c1e7dea'::uuid, '12296d3d-696b-4c5d-95b7-e0b3a1dd1814'::uuid, 'b8587cbb-176b-49ad-bdad-370733c94feb'::uuid, 'REDACTED', '2026-01-31T23:00:00+00:00', TRUE, '2026-01-21T13:57:12.254755+00:00', '2026-01-23T15:20:53.398+00:00') ON CONFLICT DO NOTHING;
INSERT INTO public."client_access_tokens" ("id", "owner_user_id", "reservation_id", "token", "expires_at", "is_active", "created_at", "updated_at") VALUES ('49403f10-cdeb-4f06-bdfd-fb807d1513c8'::uuid, '12296d3d-696b-4c5d-95b7-e0b3a1dd1814'::uuid, '0e6d6434-5b05-4ef3-9616-f46cbfe7bba5'::uuid, 'REDACTED', '2026-03-01T00:00:00+00:00', TRUE, '2026-02-14T10:34:46.583+00:00', '2026-02-22T09:17:16.762+00:00') ON CONFLICT DO NOTHING;
INSERT INTO public."client_access_tokens" ("id", "owner_user_id", "reservation_id", "token", "expires_at", "is_active", "created_at", "updated_at") VALUES ('088d301c-e051-4aff-9c81-f1c6b61e43a5'::uuid, '12296d3d-696b-4c5d-95b7-e0b3a1dd1814'::uuid, '804f85f4-a0e1-4f01-99ac-6785ce755c0f'::uuid, 'REDACTED', '2026-03-01T00:00:00+00:00', TRUE, '2026-02-14T10:27:15.459+00:00', '2026-02-21T11:00:59.355+00:00') ON CONFLICT DO NOTHING;
INSERT INTO public."linen_stock_items" ("id", "owner_user_id", "gite_id", "item_key", "quantity", "created_at", "updated_at") VALUES ('959c4135-0b24-4700-a63a-078c4fb8f21f'::uuid, '12296d3d-696b-4c5d-95b7-e0b3a1dd1814'::uuid, '2ee6c0bb-1a6a-4490-85e6-af75a1ff3f03'::uuid, 'taies_oreillers', 65, '2026-01-21T20:47:15.545337+00:00', '2026-02-24T07:57:30.785+00:00') ON CONFLICT DO NOTHING;
INSERT INTO public."linen_stock_items" ("id", "owner_user_id", "gite_id", "item_key", "quantity", "created_at", "updated_at") VALUES ('7132cf9a-3b4d-45d1-a8b8-d870c38e1b59'::uuid, '12296d3d-696b-4c5d-95b7-e0b3a1dd1814'::uuid, '2ee6c0bb-1a6a-4490-85e6-af75a1ff3f03'::uuid, 'housses_couettes_grandes', 20, '2026-01-21T20:47:15.545337+00:00', '2026-02-24T07:55:37.751+00:00') ON CONFLICT DO NOTHING;
INSERT INTO public."linen_stock_items" ("id", "owner_user_id", "gite_id", "item_key", "quantity", "created_at", "updated_at") VALUES ('3ccdc6d6-6a81-4a88-9409-094e2359227d'::uuid, '12296d3d-696b-4c5d-95b7-e0b3a1dd1814'::uuid, '2ee6c0bb-1a6a-4490-85e6-af75a1ff3f03'::uuid, 'draps_plats_petits', 23, '2026-01-21T20:47:15.545337+00:00', '2026-02-24T07:56:48.081+00:00') ON CONFLICT DO NOTHING;
INSERT INTO public."linen_stock_items" ("id", "owner_user_id", "gite_id", "item_key", "quantity", "created_at", "updated_at") VALUES ('f042b414-b769-4731-98b9-bbe69cbdfaf6'::uuid, '12296d3d-696b-4c5d-95b7-e0b3a1dd1814'::uuid, '655e201e-f0ae-40a1-90d7-1dd7876e5d97'::uuid, 'draps_plats_petits', 50, '2026-01-21T20:47:15.545337+00:00', '2026-02-16T17:19:24.558+00:00') ON CONFLICT DO NOTHING;
INSERT INTO public."linen_stock_items" ("id", "owner_user_id", "gite_id", "item_key", "quantity", "created_at", "updated_at") VALUES ('db1fefaa-87d6-450a-aa1e-f41a17c8985d'::uuid, '12296d3d-696b-4c5d-95b7-e0b3a1dd1814'::uuid, '655e201e-f0ae-40a1-90d7-1dd7876e5d97'::uuid, 'housses_couettes_grandes', 50, '2026-01-21T20:47:15.545337+00:00', '2026-02-16T17:19:24.558+00:00') ON CONFLICT DO NOTHING;
INSERT INTO public."linen_stock_items" ("id", "owner_user_id", "gite_id", "item_key", "quantity", "created_at", "updated_at") VALUES ('49b325b7-94cb-463d-875f-b360f4dd8807'::uuid, '12296d3d-696b-4c5d-95b7-e0b3a1dd1814'::uuid, '655e201e-f0ae-40a1-90d7-1dd7876e5d97'::uuid, 'housses_couettes_petites', 50, '2026-01-21T20:47:15.545337+00:00', '2026-02-16T17:19:24.558+00:00') ON CONFLICT DO NOTHING;
INSERT INTO public."linen_stock_items" ("id", "owner_user_id", "gite_id", "item_key", "quantity", "created_at", "updated_at") VALUES ('35c998fa-5503-4c5b-aef1-2541fdc7c28b'::uuid, '12296d3d-696b-4c5d-95b7-e0b3a1dd1814'::uuid, '655e201e-f0ae-40a1-90d7-1dd7876e5d97'::uuid, 'serviettes', 50, '2026-01-21T20:47:15.545337+00:00', '2026-02-16T17:19:24.558+00:00') ON CONFLICT DO NOTHING;
INSERT INTO public."linen_stock_items" ("id", "owner_user_id", "gite_id", "item_key", "quantity", "created_at", "updated_at") VALUES ('bda3b166-fc31-48bf-bba7-c54c2b13771e'::uuid, '12296d3d-696b-4c5d-95b7-e0b3a1dd1814'::uuid, '2ee6c0bb-1a6a-4490-85e6-af75a1ff3f03'::uuid, 'serviettes', 50, '2026-01-21T20:47:15.545337+00:00', '2026-02-21T14:48:02.44+00:00') ON CONFLICT DO NOTHING;
INSERT INTO public."linen_stock_items" ("id", "owner_user_id", "gite_id", "item_key", "quantity", "created_at", "updated_at") VALUES ('9c65b95d-4195-4c54-af18-f039b8507909'::uuid, '12296d3d-696b-4c5d-95b7-e0b3a1dd1814'::uuid, '2ee6c0bb-1a6a-4490-85e6-af75a1ff3f03'::uuid, 'tapis_bain', 50, '2026-01-21T20:47:15.545337+00:00', '2026-02-21T14:48:02.44+00:00') ON CONFLICT DO NOTHING;
INSERT INTO public."linen_stock_items" ("id", "owner_user_id", "gite_id", "item_key", "quantity", "created_at", "updated_at") VALUES ('785bca0a-b563-41fc-aedb-f7f8330384c9'::uuid, '12296d3d-696b-4c5d-95b7-e0b3a1dd1814'::uuid, '655e201e-f0ae-40a1-90d7-1dd7876e5d97'::uuid, 'taies_oreillers', 50, '2026-01-21T20:47:15.545337+00:00', '2026-02-16T17:19:24.558+00:00') ON CONFLICT DO NOTHING;
INSERT INTO public."linen_stock_items" ("id", "owner_user_id", "gite_id", "item_key", "quantity", "created_at", "updated_at") VALUES ('fae5238a-9035-422f-9530-507c937bb051'::uuid, '12296d3d-696b-4c5d-95b7-e0b3a1dd1814'::uuid, '655e201e-f0ae-40a1-90d7-1dd7876e5d97'::uuid, 'tapis_bain', 50, '2026-01-21T20:47:15.545337+00:00', '2026-02-16T17:19:24.558+00:00') ON CONFLICT DO NOTHING;
INSERT INTO public."linen_stock_items" ("id", "owner_user_id", "gite_id", "item_key", "quantity", "created_at", "updated_at") VALUES ('c7626e2b-1010-419d-b0ee-5464d960fc1e'::uuid, '12296d3d-696b-4c5d-95b7-e0b3a1dd1814'::uuid, '655e201e-f0ae-40a1-90d7-1dd7876e5d97'::uuid, 'draps_plats_grands', 50, '2026-01-21T20:47:15.545337+00:00', '2026-02-16T17:19:24.558+00:00') ON CONFLICT DO NOTHING;
INSERT INTO public."linen_stock_items" ("id", "owner_user_id", "gite_id", "item_key", "quantity", "created_at", "updated_at") VALUES ('b4da6ca7-b2e5-4824-9af3-a336b4dcb831'::uuid, '12296d3d-696b-4c5d-95b7-e0b3a1dd1814'::uuid, '5e3af1b2-f344-4f1e-90cb-6b999f87393a'::uuid, 'draps_plats_grands', 0, '2026-02-16T14:16:45.854114+00:00', '2026-02-16T17:19:24.646+00:00') ON CONFLICT DO NOTHING;
INSERT INTO public."linen_stock_items" ("id", "owner_user_id", "gite_id", "item_key", "quantity", "created_at", "updated_at") VALUES ('06f32dbb-baf6-4a51-bbda-6ee822fe1f1a'::uuid, '12296d3d-696b-4c5d-95b7-e0b3a1dd1814'::uuid, '5e3af1b2-f344-4f1e-90cb-6b999f87393a'::uuid, 'draps_plats_petits', 0, '2026-02-16T14:16:45.854114+00:00', '2026-02-16T17:19:24.646+00:00') ON CONFLICT DO NOTHING;
INSERT INTO public."linen_stock_items" ("id", "owner_user_id", "gite_id", "item_key", "quantity", "created_at", "updated_at") VALUES ('5328bcc2-127d-4cb9-9a7a-9398f3942e6b'::uuid, '12296d3d-696b-4c5d-95b7-e0b3a1dd1814'::uuid, '5e3af1b2-f344-4f1e-90cb-6b999f87393a'::uuid, 'housses_couettes_grandes', 0, '2026-02-16T14:16:45.854114+00:00', '2026-02-16T17:19:24.646+00:00') ON CONFLICT DO NOTHING;
INSERT INTO public."linen_stock_items" ("id", "owner_user_id", "gite_id", "item_key", "quantity", "created_at", "updated_at") VALUES ('cfcbb803-7a8d-4765-a983-9c68d7b3a897'::uuid, '12296d3d-696b-4c5d-95b7-e0b3a1dd1814'::uuid, '5e3af1b2-f344-4f1e-90cb-6b999f87393a'::uuid, 'housses_couettes_petites', 0, '2026-02-16T14:16:45.854114+00:00', '2026-02-16T17:19:24.646+00:00') ON CONFLICT DO NOTHING;
INSERT INTO public."linen_stock_items" ("id", "owner_user_id", "gite_id", "item_key", "quantity", "created_at", "updated_at") VALUES ('c0d1254d-ede4-4b77-be64-b44436b297c8'::uuid, '12296d3d-696b-4c5d-95b7-e0b3a1dd1814'::uuid, '5e3af1b2-f344-4f1e-90cb-6b999f87393a'::uuid, 'serviettes', 0, '2026-02-16T14:16:45.854114+00:00', '2026-02-16T17:19:24.646+00:00') ON CONFLICT DO NOTHING;
INSERT INTO public."linen_stock_items" ("id", "owner_user_id", "gite_id", "item_key", "quantity", "created_at", "updated_at") VALUES ('b1569c62-33a1-402c-96bd-295b4946f67f'::uuid, '12296d3d-696b-4c5d-95b7-e0b3a1dd1814'::uuid, '5e3af1b2-f344-4f1e-90cb-6b999f87393a'::uuid, 'taies_oreillers', 0, '2026-02-16T14:16:45.854114+00:00', '2026-02-16T17:19:24.646+00:00') ON CONFLICT DO NOTHING;
INSERT INTO public."linen_stock_items" ("id", "owner_user_id", "gite_id", "item_key", "quantity", "created_at", "updated_at") VALUES ('21211849-3039-44dc-8d31-e78c17e6a0da'::uuid, '12296d3d-696b-4c5d-95b7-e0b3a1dd1814'::uuid, '5e3af1b2-f344-4f1e-90cb-6b999f87393a'::uuid, 'tapis_bain', 0, '2026-02-16T14:16:45.854114+00:00', '2026-02-16T17:19:24.646+00:00') ON CONFLICT DO NOTHING;
INSERT INTO public."linen_stock_items" ("id", "owner_user_id", "gite_id", "item_key", "quantity", "created_at", "updated_at") VALUES ('30f726fc-e078-41f1-a249-f8354adec296'::uuid, '12296d3d-696b-4c5d-95b7-e0b3a1dd1814'::uuid, '48fb1581-aba1-4793-ad55-deb22e11b25c'::uuid, 'draps_plats_grands', 0, '2026-02-16T14:16:45.957577+00:00', '2026-02-16T17:19:24.731+00:00') ON CONFLICT DO NOTHING;
INSERT INTO public."linen_stock_items" ("id", "owner_user_id", "gite_id", "item_key", "quantity", "created_at", "updated_at") VALUES ('360b88cc-8389-4a8d-8057-cd7f026cc1b4'::uuid, '12296d3d-696b-4c5d-95b7-e0b3a1dd1814'::uuid, '48fb1581-aba1-4793-ad55-deb22e11b25c'::uuid, 'draps_plats_petits', 0, '2026-02-16T14:16:45.957577+00:00', '2026-02-16T17:19:24.731+00:00') ON CONFLICT DO NOTHING;
INSERT INTO public."linen_stock_items" ("id", "owner_user_id", "gite_id", "item_key", "quantity", "created_at", "updated_at") VALUES ('1339005e-6a69-4e30-a648-d1926efc5e9d'::uuid, '12296d3d-696b-4c5d-95b7-e0b3a1dd1814'::uuid, '48fb1581-aba1-4793-ad55-deb22e11b25c'::uuid, 'housses_couettes_grandes', 0, '2026-02-16T14:16:45.957577+00:00', '2026-02-16T17:19:24.731+00:00') ON CONFLICT DO NOTHING;
INSERT INTO public."linen_stock_items" ("id", "owner_user_id", "gite_id", "item_key", "quantity", "created_at", "updated_at") VALUES ('dd69a8c4-0300-44fa-a2cc-6e3dc1414930'::uuid, '12296d3d-696b-4c5d-95b7-e0b3a1dd1814'::uuid, '48fb1581-aba1-4793-ad55-deb22e11b25c'::uuid, 'housses_couettes_petites', 0, '2026-02-16T14:16:45.957577+00:00', '2026-02-16T17:19:24.731+00:00') ON CONFLICT DO NOTHING;
INSERT INTO public."linen_stock_items" ("id", "owner_user_id", "gite_id", "item_key", "quantity", "created_at", "updated_at") VALUES ('529db77a-3e5e-4daf-a9c6-9677c4ca18f0'::uuid, '12296d3d-696b-4c5d-95b7-e0b3a1dd1814'::uuid, '48fb1581-aba1-4793-ad55-deb22e11b25c'::uuid, 'taies_oreillers', 0, '2026-02-16T14:16:45.957577+00:00', '2026-02-16T17:19:24.731+00:00') ON CONFLICT DO NOTHING;
INSERT INTO public."linen_stock_items" ("id", "owner_user_id", "gite_id", "item_key", "quantity", "created_at", "updated_at") VALUES ('029d2806-437c-4466-b566-ec7449af406e'::uuid, '12296d3d-696b-4c5d-95b7-e0b3a1dd1814'::uuid, '48fb1581-aba1-4793-ad55-deb22e11b25c'::uuid, 'serviettes', 0, '2026-02-16T14:16:45.957577+00:00', '2026-02-16T17:19:24.731+00:00') ON CONFLICT DO NOTHING;
INSERT INTO public."linen_stock_items" ("id", "owner_user_id", "gite_id", "item_key", "quantity", "created_at", "updated_at") VALUES ('896c8028-dcf9-4966-afff-339cb55248a1'::uuid, '12296d3d-696b-4c5d-95b7-e0b3a1dd1814'::uuid, '48fb1581-aba1-4793-ad55-deb22e11b25c'::uuid, 'tapis_bain', 0, '2026-02-16T14:16:45.957577+00:00', '2026-02-16T17:19:24.731+00:00') ON CONFLICT DO NOTHING;
INSERT INTO public."linen_stock_items" ("id", "owner_user_id", "gite_id", "item_key", "quantity", "created_at", "updated_at") VALUES ('60402eab-0858-4f73-b41f-db50a55c040b'::uuid, '12296d3d-696b-4c5d-95b7-e0b3a1dd1814'::uuid, '2ee6c0bb-1a6a-4490-85e6-af75a1ff3f03'::uuid, 'test', 5, '2026-01-21T20:55:31.001762+00:00', '2026-02-21T14:48:02.44+00:00') ON CONFLICT DO NOTHING;
INSERT INTO public."linen_stock_items" ("id", "owner_user_id", "gite_id", "item_key", "quantity", "created_at", "updated_at") VALUES ('9681e042-a0f4-40be-b2be-9b05d99484fa'::uuid, '12296d3d-696b-4c5d-95b7-e0b3a1dd1814'::uuid, '2ee6c0bb-1a6a-4490-85e6-af75a1ff3f03'::uuid, 'housses_couettes_petites', 22, '2026-01-21T20:47:15.545337+00:00', '2026-02-24T07:57:00.726+00:00') ON CONFLICT DO NOTHING;
INSERT INTO public."linen_stock_items" ("id", "owner_user_id", "gite_id", "item_key", "quantity", "created_at", "updated_at") VALUES ('898ae5fb-b05f-4b2d-b1f9-bc854cb2bb1c'::uuid, '12296d3d-696b-4c5d-95b7-e0b3a1dd1814'::uuid, '2ee6c0bb-1a6a-4490-85e6-af75a1ff3f03'::uuid, 'draps_plats_grands', 26, '2026-01-21T20:47:15.545337+00:00', '2026-02-24T07:56:16.935+00:00') ON CONFLICT DO NOTHING;
INSERT INTO public."linen_stock_transactions" ("id", "owner_user_id", "reservation_id", "gite_id", "created_at") VALUES ('18652a92-b58f-4132-8b8c-67f0fd007ae7'::uuid, '12296d3d-696b-4c5d-95b7-e0b3a1dd1814'::uuid, '2bcf3689-71a6-41db-8820-dae0b2e62f56'::uuid, '655e201e-f0ae-40a1-90d7-1dd7876e5d97'::uuid, '2026-02-05T13:43:11.866253+00:00') ON CONFLICT DO NOTHING;
INSERT INTO public."linen_stock_transactions" ("id", "owner_user_id", "reservation_id", "gite_id", "created_at") VALUES ('c7a7e84d-cc7e-4f5e-b826-239967fae1bf'::uuid, '12296d3d-696b-4c5d-95b7-e0b3a1dd1814'::uuid, '5f521c33-86b1-418f-a6ef-2645083498b2'::uuid, '655e201e-f0ae-40a1-90d7-1dd7876e5d97'::uuid, '2026-02-05T13:43:13.316973+00:00') ON CONFLICT DO NOTHING;
INSERT INTO public."linen_stock_transactions" ("id", "owner_user_id", "reservation_id", "gite_id", "created_at") VALUES ('e30856d8-e588-4958-8944-512c92fa12b2'::uuid, '12296d3d-696b-4c5d-95b7-e0b3a1dd1814'::uuid, 'f29fda8d-c172-44e6-b4d6-3b7bb6a440ca'::uuid, '2ee6c0bb-1a6a-4490-85e6-af75a1ff3f03'::uuid, '2026-02-05T13:43:15.009724+00:00') ON CONFLICT DO NOTHING;
INSERT INTO public."linen_stock_transactions" ("id", "owner_user_id", "reservation_id", "gite_id", "created_at") VALUES ('5973e12c-aeab-4725-b94b-ffb2bde18f49'::uuid, '12296d3d-696b-4c5d-95b7-e0b3a1dd1814'::uuid, '1bbc8738-b308-40d1-8b56-de8bd2685b40'::uuid, '655e201e-f0ae-40a1-90d7-1dd7876e5d97'::uuid, '2026-02-05T13:43:22.885788+00:00') ON CONFLICT DO NOTHING;
INSERT INTO public."linen_stock_transactions" ("id", "owner_user_id", "reservation_id", "gite_id", "created_at") VALUES ('5d750c37-1d8c-4567-8338-facaf2676544'::uuid, '12296d3d-696b-4c5d-95b7-e0b3a1dd1814'::uuid, '47ecdada-9964-4dfd-94a2-323e33efc143'::uuid, '2ee6c0bb-1a6a-4490-85e6-af75a1ff3f03'::uuid, '2026-02-05T13:43:24.63164+00:00') ON CONFLICT DO NOTHING;
INSERT INTO public."linen_stock_transactions" ("id", "owner_user_id", "reservation_id", "gite_id", "created_at") VALUES ('8b20be5d-add4-40b9-af48-6c5ad98ba6b7'::uuid, '12296d3d-696b-4c5d-95b7-e0b3a1dd1814'::uuid, '8b2066f6-4c54-49c6-887c-2978c023e74e'::uuid, '655e201e-f0ae-40a1-90d7-1dd7876e5d97'::uuid, '2026-02-05T13:43:26.057234+00:00') ON CONFLICT DO NOTHING;
INSERT INTO public."linen_stock_transactions" ("id", "owner_user_id", "reservation_id", "gite_id", "created_at") VALUES ('4b4f4c78-d9b2-47ca-8ada-879cc0810fc8'::uuid, '12296d3d-696b-4c5d-95b7-e0b3a1dd1814'::uuid, '838f4d61-4c2c-4286-b26e-8abae78ee945'::uuid, '2ee6c0bb-1a6a-4490-85e6-af75a1ff3f03'::uuid, '2026-02-05T13:43:27.691594+00:00') ON CONFLICT DO NOTHING;
INSERT INTO public."linen_stock_transactions" ("id", "owner_user_id", "reservation_id", "gite_id", "created_at") VALUES ('b8f6c766-4456-4441-ab53-6c96b1d0bfd8'::uuid, '12296d3d-696b-4c5d-95b7-e0b3a1dd1814'::uuid, '425012f2-794d-4f72-87dd-5093505c33fa'::uuid, '655e201e-f0ae-40a1-90d7-1dd7876e5d97'::uuid, '2026-02-05T13:43:29.106732+00:00') ON CONFLICT DO NOTHING;
INSERT INTO public."linen_stock_transactions" ("id", "owner_user_id", "reservation_id", "gite_id", "created_at") VALUES ('184bd185-a1dd-4317-b122-21ece689a703'::uuid, '12296d3d-696b-4c5d-95b7-e0b3a1dd1814'::uuid, '370e65a2-f1ba-44fc-bbdf-334b77bd27b3'::uuid, '2ee6c0bb-1a6a-4490-85e6-af75a1ff3f03'::uuid, '2026-02-05T13:43:30.734401+00:00') ON CONFLICT DO NOTHING;
INSERT INTO public."linen_stock_transactions" ("id", "owner_user_id", "reservation_id", "gite_id", "created_at") VALUES ('0c1d1f68-7c42-4daa-b9e9-f37d4e514802'::uuid, '12296d3d-696b-4c5d-95b7-e0b3a1dd1814'::uuid, '829fc1ae-6f86-4d06-be14-885747ca81bf'::uuid, '655e201e-f0ae-40a1-90d7-1dd7876e5d97'::uuid, '2026-02-05T13:43:32.215154+00:00') ON CONFLICT DO NOTHING;
INSERT INTO public."linen_stock_transactions" ("id", "owner_user_id", "reservation_id", "gite_id", "created_at") VALUES ('84234539-e017-4814-8354-0bb6c06f08ef'::uuid, '12296d3d-696b-4c5d-95b7-e0b3a1dd1814'::uuid, 'f866925e-fe22-4fe2-872a-66cabfb19405'::uuid, '2ee6c0bb-1a6a-4490-85e6-af75a1ff3f03'::uuid, '2026-02-05T13:43:33.883613+00:00') ON CONFLICT DO NOTHING;
INSERT INTO public."linen_stock_transactions" ("id", "owner_user_id", "reservation_id", "gite_id", "created_at") VALUES ('026d65ee-aa07-48cf-8643-192133a96006'::uuid, '12296d3d-696b-4c5d-95b7-e0b3a1dd1814'::uuid, '3d6e084c-3c4b-481f-8059-da9f66f5f0ef'::uuid, '2ee6c0bb-1a6a-4490-85e6-af75a1ff3f03'::uuid, '2026-02-05T13:43:35.519657+00:00') ON CONFLICT DO NOTHING;
INSERT INTO public."linen_stock_transactions" ("id", "owner_user_id", "reservation_id", "gite_id", "created_at") VALUES ('7a6635c4-e873-4a01-93c9-a0608f2b1157'::uuid, '12296d3d-696b-4c5d-95b7-e0b3a1dd1814'::uuid, 'e4c5dd14-90cc-49ac-b670-6f6af173d5e9'::uuid, '2ee6c0bb-1a6a-4490-85e6-af75a1ff3f03'::uuid, '2026-02-05T13:43:37.157094+00:00') ON CONFLICT DO NOTHING;
INSERT INTO public."linen_stock_transactions" ("id", "owner_user_id", "reservation_id", "gite_id", "created_at") VALUES ('bbf6cd82-fb54-4aba-bba7-332128286a80'::uuid, '12296d3d-696b-4c5d-95b7-e0b3a1dd1814'::uuid, '8f398bd1-7519-489c-9510-d91c3e71c466'::uuid, '655e201e-f0ae-40a1-90d7-1dd7876e5d97'::uuid, '2026-02-05T13:43:38.577403+00:00') ON CONFLICT DO NOTHING;
INSERT INTO public."linen_stock_transactions" ("id", "owner_user_id", "reservation_id", "gite_id", "created_at") VALUES ('0493efc2-574e-4fd6-997d-5582952828cd'::uuid, '12296d3d-696b-4c5d-95b7-e0b3a1dd1814'::uuid, '6796ead9-2d44-495f-81b0-58400a9280e3'::uuid, '2ee6c0bb-1a6a-4490-85e6-af75a1ff3f03'::uuid, '2026-02-05T13:43:40.148976+00:00') ON CONFLICT DO NOTHING;
INSERT INTO public."linen_stock_transactions" ("id", "owner_user_id", "reservation_id", "gite_id", "created_at") VALUES ('2b124d1b-bcb8-49c5-930b-81130063daf6'::uuid, '12296d3d-696b-4c5d-95b7-e0b3a1dd1814'::uuid, 'feb33125-130a-4299-b9fd-1ea17784fc73'::uuid, '2ee6c0bb-1a6a-4490-85e6-af75a1ff3f03'::uuid, '2026-02-05T13:43:41.620356+00:00') ON CONFLICT DO NOTHING;
INSERT INTO public."linen_stock_transactions" ("id", "owner_user_id", "reservation_id", "gite_id", "created_at") VALUES ('03195e97-d522-4683-8784-7b7d3087d40d'::uuid, '12296d3d-696b-4c5d-95b7-e0b3a1dd1814'::uuid, '85fa0359-a443-4887-8757-51c803b3aad4'::uuid, '2ee6c0bb-1a6a-4490-85e6-af75a1ff3f03'::uuid, '2026-02-05T13:43:43.092786+00:00') ON CONFLICT DO NOTHING;
INSERT INTO public."linen_stock_transactions" ("id", "owner_user_id", "reservation_id", "gite_id", "created_at") VALUES ('50333f87-37e0-4cc2-8028-e78fb248538b'::uuid, '12296d3d-696b-4c5d-95b7-e0b3a1dd1814'::uuid, 'b8587cbb-176b-49ad-bdad-370733c94feb'::uuid, '2ee6c0bb-1a6a-4490-85e6-af75a1ff3f03'::uuid, '2026-02-05T13:43:44.581962+00:00') ON CONFLICT DO NOTHING;
INSERT INTO public."linen_stock_transactions" ("id", "owner_user_id", "reservation_id", "gite_id", "created_at") VALUES ('56246204-a493-49c9-bc0a-bdc491dfe9b7'::uuid, '12296d3d-696b-4c5d-95b7-e0b3a1dd1814'::uuid, '4671a2d3-ea0c-49bc-bc65-37ce67e1ca39'::uuid, '2ee6c0bb-1a6a-4490-85e6-af75a1ff3f03'::uuid, '2026-02-05T13:43:46.097685+00:00') ON CONFLICT DO NOTHING;
INSERT INTO public."linen_stock_transactions" ("id", "owner_user_id", "reservation_id", "gite_id", "created_at") VALUES ('1d8cdc31-bced-4aed-a42f-32cf11a557ef'::uuid, '12296d3d-696b-4c5d-95b7-e0b3a1dd1814'::uuid, 'e5da4519-7d2b-4ede-bcd2-b30343f134ef'::uuid, '655e201e-f0ae-40a1-90d7-1dd7876e5d97'::uuid, '2026-02-05T13:43:47.443405+00:00') ON CONFLICT DO NOTHING;
INSERT INTO public."linen_stock_transactions" ("id", "owner_user_id", "reservation_id", "gite_id", "created_at") VALUES ('8bb393f2-8d7c-4950-a27a-11716daab35f'::uuid, '12296d3d-696b-4c5d-95b7-e0b3a1dd1814'::uuid, '3377fd8c-2dc8-4db5-9908-3b41a3296ef0'::uuid, '2ee6c0bb-1a6a-4490-85e6-af75a1ff3f03'::uuid, '2026-02-05T13:43:48.930619+00:00') ON CONFLICT DO NOTHING;
INSERT INTO public."linen_stock_transactions" ("id", "owner_user_id", "reservation_id", "gite_id", "created_at") VALUES ('91b78280-b833-43b9-a535-4d4b7e11eb5d'::uuid, '12296d3d-696b-4c5d-95b7-e0b3a1dd1814'::uuid, 'e40fef57-a6e2-4440-a670-4e6a2f15852c'::uuid, '2ee6c0bb-1a6a-4490-85e6-af75a1ff3f03'::uuid, '2026-02-06T09:18:29.206452+00:00') ON CONFLICT DO NOTHING;
INSERT INTO public."linen_stock_transactions" ("id", "owner_user_id", "reservation_id", "gite_id", "created_at") VALUES ('f14b63c8-20b7-40b2-8bc8-292dbae8aa7b'::uuid, '12296d3d-696b-4c5d-95b7-e0b3a1dd1814'::uuid, 'ceb55198-74ed-49c3-9e7b-bbee40a2d368'::uuid, '655e201e-f0ae-40a1-90d7-1dd7876e5d97'::uuid, '2026-02-07T09:10:35.472966+00:00') ON CONFLICT DO NOTHING;
INSERT INTO public."linen_stock_transactions" ("id", "owner_user_id", "reservation_id", "gite_id", "created_at") VALUES ('9ddb559b-5a5d-4170-8380-86f6a516bfc5'::uuid, '12296d3d-696b-4c5d-95b7-e0b3a1dd1814'::uuid, 'ca55fe96-e27a-446d-b561-6296aebbf74e'::uuid, '2ee6c0bb-1a6a-4490-85e6-af75a1ff3f03'::uuid, '2026-02-13T09:19:10.376887+00:00') ON CONFLICT DO NOTHING;
INSERT INTO public."linen_stock_transactions" ("id", "owner_user_id", "reservation_id", "gite_id", "created_at") VALUES ('8012e4c5-c601-43c1-8cac-9471c6a53e43'::uuid, '12296d3d-696b-4c5d-95b7-e0b3a1dd1814'::uuid, '0e6d6434-5b05-4ef3-9616-f46cbfe7bba5'::uuid, '2ee6c0bb-1a6a-4490-85e6-af75a1ff3f03'::uuid, '2026-02-22T14:44:56.657576+00:00') ON CONFLICT DO NOTHING;
INSERT INTO public."linen_stock_transactions" ("id", "owner_user_id", "reservation_id", "gite_id", "created_at") VALUES ('842ac837-c75d-4233-9591-f0c6569c0512'::uuid, '12296d3d-696b-4c5d-95b7-e0b3a1dd1814'::uuid, '804f85f4-a0e1-4f01-99ac-6785ce755c0f'::uuid, '655e201e-f0ae-40a1-90d7-1dd7876e5d97'::uuid, '2026-02-22T14:44:58.958945+00:00') ON CONFLICT DO NOTHING;
INSERT INTO public."linen_stock_transactions" ("id", "owner_user_id", "reservation_id", "gite_id", "created_at") VALUES ('b4df29ae-1459-4433-b1b7-01e712506d61'::uuid, '12296d3d-696b-4c5d-95b7-e0b3a1dd1814'::uuid, '0b2e3989-ce6c-4e1b-8410-75bc70b45a73'::uuid, '655e201e-f0ae-40a1-90d7-1dd7876e5d97'::uuid, '2026-03-02T09:22:46.456468+00:00') ON CONFLICT DO NOTHING;
INSERT INTO public."community_artisans" ("id", "owner_user_id", "creator_gite_id", "nom", "metier", "telephone", "ville", "latitude", "longitude", "description", "created_at", "updated_at", "adresse") VALUES ('b82ccd39-9a91-4556-80d7-f1ea689782f4'::uuid, '12296d3d-696b-4c5d-95b7-e0b3a1dd1814'::uuid, NULL, 'REDACTED', 'Couvreur', NULL, 'trevoux', 45.936377, 4.793583, 'test', '2026-03-02T22:52:53.621231+00:00', '2026-03-02T22:52:53.621231+00:00', NULL) ON CONFLICT DO NOTHING;
INSERT INTO public."community_artisan_notes" ("id", "artisan_id", "owner_user_id", "note", "commentaire", "created_at", "updated_at") VALUES (4, 'b82ccd39-9a91-4556-80d7-f1ea689782f4'::uuid, '12296d3d-696b-4c5d-95b7-e0b3a1dd1814'::uuid, 3, 'test', '2026-03-02T22:52:53.699972+00:00', '2026-03-02T22:52:53.699972+00:00') ON CONFLICT DO NOTHING;
INSERT INTO public."km_config_auto" ("id", "owner_user_id", "auto_menage_entree", "auto_menage_sortie", "auto_courses", "auto_maintenance", "created_at", "updated_at") VALUES ('e2e5db79-e5f2-41a6-af79-d0fd7c57dd83'::uuid, '12296d3d-696b-4c5d-95b7-e0b3a1dd1814'::uuid, TRUE, TRUE, FALSE, FALSE, '2026-01-19T10:31:12.922705+00:00', '2026-02-16T20:09:22.415526+00:00') ON CONFLICT DO NOTHING;
INSERT INTO public."km_trajets" ("id", "owner_user_id", "date_trajet", "annee_fiscale", "motif", "type_trajet", "lieu_arrivee", "gite_id", "distance_aller", "aller_retour", "distance_totale", "reservation_id", "auto_genere", "created_at") VALUES ('9633cb69-3f15-473c-abd3-eeea21421e67'::uuid, '12296d3d-696b-4c5d-95b7-e0b3a1dd1814'::uuid, '2026-02-16', 2026, 'Courses - tes liste', 'courses', 'intermarché', NULL, 7, TRUE, 14, NULL, FALSE, '2026-02-16T20:27:39.207271+00:00') ON CONFLICT DO NOTHING;
INSERT INTO public."km_trajets" ("id", "owner_user_id", "date_trajet", "annee_fiscale", "motif", "type_trajet", "lieu_arrivee", "gite_id", "distance_aller", "aller_retour", "distance_totale", "reservation_id", "auto_genere", "created_at") VALUES ('d23c32d6-cd79-4219-9288-608e61fb261a'::uuid, '12296d3d-696b-4c5d-95b7-e0b3a1dd1814'::uuid, '2026-06-12', 2026, 'Ménage entrée - Couzon', 'menage_entree', 'Couzon', '655e201e-f0ae-40a1-90d7-1dd7876e5d97'::uuid, 32, TRUE, 64, '5b0f2cee-d090-4fc9-b66e-74cf4f9856fc'::uuid, TRUE, '2026-02-19T09:29:05.381525+00:00') ON CONFLICT DO NOTHING;
INSERT INTO public."km_trajets" ("id", "owner_user_id", "date_trajet", "annee_fiscale", "motif", "type_trajet", "lieu_arrivee", "gite_id", "distance_aller", "aller_retour", "distance_totale", "reservation_id", "auto_genere", "created_at") VALUES ('dd618d55-9ad0-4acb-b5e9-bb5e5ec15a94'::uuid, '12296d3d-696b-4c5d-95b7-e0b3a1dd1814'::uuid, '2026-06-15', 2026, 'Ménage sortie - Couzon', 'menage_sortie', 'Couzon', '655e201e-f0ae-40a1-90d7-1dd7876e5d97'::uuid, 32, TRUE, 64, '5b0f2cee-d090-4fc9-b66e-74cf4f9856fc'::uuid, TRUE, '2026-02-19T09:29:05.381525+00:00') ON CONFLICT DO NOTHING;
INSERT INTO public."km_trajets" ("id", "owner_user_id", "date_trajet", "annee_fiscale", "motif", "type_trajet", "lieu_arrivee", "gite_id", "distance_aller", "aller_retour", "distance_totale", "reservation_id", "auto_genere", "created_at") VALUES ('d763384f-3ae1-43d4-98fc-a7264008a4e8'::uuid, '12296d3d-696b-4c5d-95b7-e0b3a1dd1814'::uuid, '2026-08-19', 2026, 'Ménage entrée - Couzon', 'menage_entree', 'Couzon', '655e201e-f0ae-40a1-90d7-1dd7876e5d97'::uuid, 32, TRUE, 64, '01df1c13-10b5-466b-97a1-e39116e6ccf2'::uuid, TRUE, '2026-02-23T08:51:40.092377+00:00') ON CONFLICT DO NOTHING;
INSERT INTO public."km_trajets" ("id", "owner_user_id", "date_trajet", "annee_fiscale", "motif", "type_trajet", "lieu_arrivee", "gite_id", "distance_aller", "aller_retour", "distance_totale", "reservation_id", "auto_genere", "created_at") VALUES ('88d0c17d-b32c-438e-982e-96b0cfc36d0d'::uuid, '12296d3d-696b-4c5d-95b7-e0b3a1dd1814'::uuid, '2026-08-24', 2026, 'Ménage sortie - Couzon', 'menage_sortie', 'Couzon', '655e201e-f0ae-40a1-90d7-1dd7876e5d97'::uuid, 32, TRUE, 64, '01df1c13-10b5-466b-97a1-e39116e6ccf2'::uuid, TRUE, '2026-02-23T08:51:40.092377+00:00') ON CONFLICT DO NOTHING;
INSERT INTO public."km_trajets" ("id", "owner_user_id", "date_trajet", "annee_fiscale", "motif", "type_trajet", "lieu_arrivee", "gite_id", "distance_aller", "aller_retour", "distance_totale", "reservation_id", "auto_genere", "created_at") VALUES ('873c358d-6478-439f-a9e1-7d9264d9ad30'::uuid, '12296d3d-696b-4c5d-95b7-e0b3a1dd1814'::uuid, '2026-08-19', 2026, 'Ménage entrée - Couzon', 'menage_entree', 'Couzon', '655e201e-f0ae-40a1-90d7-1dd7876e5d97'::uuid, 32, TRUE, 64, '01df1c13-10b5-466b-97a1-e39116e6ccf2'::uuid, TRUE, '2026-02-23T08:51:39.18301+00:00') ON CONFLICT DO NOTHING;
INSERT INTO public."km_trajets" ("id", "owner_user_id", "date_trajet", "annee_fiscale", "motif", "type_trajet", "lieu_arrivee", "gite_id", "distance_aller", "aller_retour", "distance_totale", "reservation_id", "auto_genere", "created_at") VALUES ('710a52ce-b24f-4671-a462-d7bf43aebb77'::uuid, '12296d3d-696b-4c5d-95b7-e0b3a1dd1814'::uuid, '2026-08-24', 2026, 'Ménage sortie - Couzon', 'menage_sortie', 'Couzon', '655e201e-f0ae-40a1-90d7-1dd7876e5d97'::uuid, 32, TRUE, 64, '01df1c13-10b5-466b-97a1-e39116e6ccf2'::uuid, TRUE, '2026-02-23T08:51:39.18301+00:00') ON CONFLICT DO NOTHING;
INSERT INTO public."km_trajets" ("id", "owner_user_id", "date_trajet", "annee_fiscale", "motif", "type_trajet", "lieu_arrivee", "gite_id", "distance_aller", "aller_retour", "distance_totale", "reservation_id", "auto_genere", "created_at") VALUES ('bf458494-2fd5-40f8-a9a7-8fa9f5e03e3b'::uuid, '12296d3d-696b-4c5d-95b7-e0b3a1dd1814'::uuid, '2026-02-23', 2026, 'Courses - course inter', 'courses', 'intermarché', NULL, 7, TRUE, 14, NULL, FALSE, '2026-02-23T10:29:33.267603+00:00') ON CONFLICT DO NOTHING;
INSERT INTO public."km_trajets" ("id", "owner_user_id", "date_trajet", "annee_fiscale", "motif", "type_trajet", "lieu_arrivee", "gite_id", "distance_aller", "aller_retour", "distance_totale", "reservation_id", "auto_genere", "created_at") VALUES ('4dc0c47f-2d27-4262-99b9-862adc891e8b'::uuid, '12296d3d-696b-4c5d-95b7-e0b3a1dd1814'::uuid, '2026-09-10', 2026, 'Ménage entrée - Trévoux', 'menage_entree', 'Trévoux', '2ee6c0bb-1a6a-4490-85e6-af75a1ff3f03'::uuid, 25, TRUE, 50, 'd66c0bad-4ba7-42de-992e-ab3c3fdbd0d6'::uuid, TRUE, '2026-02-23T17:12:34.130125+00:00') ON CONFLICT DO NOTHING;
INSERT INTO public."km_trajets" ("id", "owner_user_id", "date_trajet", "annee_fiscale", "motif", "type_trajet", "lieu_arrivee", "gite_id", "distance_aller", "aller_retour", "distance_totale", "reservation_id", "auto_genere", "created_at") VALUES ('09759c94-5189-458f-893b-49c52c98b3ce'::uuid, '12296d3d-696b-4c5d-95b7-e0b3a1dd1814'::uuid, '2026-09-13', 2026, 'Ménage sortie - Trévoux', 'menage_sortie', 'Trévoux', '2ee6c0bb-1a6a-4490-85e6-af75a1ff3f03'::uuid, 25, TRUE, 50, 'd66c0bad-4ba7-42de-992e-ab3c3fdbd0d6'::uuid, TRUE, '2026-02-23T17:12:34.130125+00:00') ON CONFLICT DO NOTHING;
INSERT INTO public."km_trajets" ("id", "owner_user_id", "date_trajet", "annee_fiscale", "motif", "type_trajet", "lieu_arrivee", "gite_id", "distance_aller", "aller_retour", "distance_totale", "reservation_id", "auto_genere", "created_at") VALUES ('513c29e2-3631-4c84-bf26-f38b3e46aa3f'::uuid, '12296d3d-696b-4c5d-95b7-e0b3a1dd1814'::uuid, '2026-07-31', 2026, 'Ménage entrée - Trévoux', 'menage_entree', 'Trévoux', '2ee6c0bb-1a6a-4490-85e6-af75a1ff3f03'::uuid, 25, TRUE, 50, NULL, TRUE, '2026-02-23T17:12:35.808401+00:00') ON CONFLICT DO NOTHING;
INSERT INTO public."km_trajets" ("id", "owner_user_id", "date_trajet", "annee_fiscale", "motif", "type_trajet", "lieu_arrivee", "gite_id", "distance_aller", "aller_retour", "distance_totale", "reservation_id", "auto_genere", "created_at") VALUES ('99fc67b7-69b1-4cc4-bc9a-bbd2bc89fda4'::uuid, '12296d3d-696b-4c5d-95b7-e0b3a1dd1814'::uuid, '2026-08-10', 2026, 'Ménage sortie - Trévoux', 'menage_sortie', 'Trévoux', '2ee6c0bb-1a6a-4490-85e6-af75a1ff3f03'::uuid, 25, TRUE, 50, NULL, TRUE, '2026-02-23T17:12:35.808401+00:00') ON CONFLICT DO NOTHING;
INSERT INTO public."km_trajets" ("id", "owner_user_id", "date_trajet", "annee_fiscale", "motif", "type_trajet", "lieu_arrivee", "gite_id", "distance_aller", "aller_retour", "distance_totale", "reservation_id", "auto_genere", "created_at") VALUES ('cdb13f26-70ad-4389-8ef2-2ed0609ae208'::uuid, '12296d3d-696b-4c5d-95b7-e0b3a1dd1814'::uuid, '2026-07-31', 2026, 'Ménage entrée - Trévoux', 'menage_entree', 'Trévoux', '2ee6c0bb-1a6a-4490-85e6-af75a1ff3f03'::uuid, 25, TRUE, 50, 'bf1d1f04-b9a5-45a0-af3f-f94c0b731658'::uuid, TRUE, '2026-02-23T17:27:18.62903+00:00') ON CONFLICT DO NOTHING;
INSERT INTO public."km_trajets" ("id", "owner_user_id", "date_trajet", "annee_fiscale", "motif", "type_trajet", "lieu_arrivee", "gite_id", "distance_aller", "aller_retour", "distance_totale", "reservation_id", "auto_genere", "created_at") VALUES ('f03f7664-d309-4704-a642-d82f0ac013d0'::uuid, '12296d3d-696b-4c5d-95b7-e0b3a1dd1814'::uuid, '2026-08-10', 2026, 'Ménage sortie - Trévoux', 'menage_sortie', 'Trévoux', '2ee6c0bb-1a6a-4490-85e6-af75a1ff3f03'::uuid, 25, TRUE, 50, 'bf1d1f04-b9a5-45a0-af3f-f94c0b731658'::uuid, TRUE, '2026-02-23T17:27:18.62903+00:00') ON CONFLICT DO NOTHING;
INSERT INTO public."km_trajets" ("id", "owner_user_id", "date_trajet", "annee_fiscale", "motif", "type_trajet", "lieu_arrivee", "gite_id", "distance_aller", "aller_retour", "distance_totale", "reservation_id", "auto_genere", "created_at") VALUES ('911db004-21cd-43ab-adac-adf9ec628855'::uuid, '12296d3d-696b-4c5d-95b7-e0b3a1dd1814'::uuid, '2026-10-01', 2026, 'Ménage entrée - Trévoux', 'menage_entree', 'Trévoux', '2ee6c0bb-1a6a-4490-85e6-af75a1ff3f03'::uuid, 25, TRUE, 50, '0539be77-c653-4f85-a462-955f7c8eec42'::uuid, TRUE, '2026-03-01T18:34:40.199466+00:00') ON CONFLICT DO NOTHING;
INSERT INTO public."km_trajets" ("id", "owner_user_id", "date_trajet", "annee_fiscale", "motif", "type_trajet", "lieu_arrivee", "gite_id", "distance_aller", "aller_retour", "distance_totale", "reservation_id", "auto_genere", "created_at") VALUES ('d380769f-5ed3-4217-88e6-304e194b5cc0'::uuid, '12296d3d-696b-4c5d-95b7-e0b3a1dd1814'::uuid, '2026-10-04', 2026, 'Ménage sortie - Trévoux', 'menage_sortie', 'Trévoux', '2ee6c0bb-1a6a-4490-85e6-af75a1ff3f03'::uuid, 25, TRUE, 50, '0539be77-c653-4f85-a462-955f7c8eec42'::uuid, TRUE, '2026-03-01T18:34:40.199466+00:00') ON CONFLICT DO NOTHING;
INSERT INTO public."km_trajets" ("id", "owner_user_id", "date_trajet", "annee_fiscale", "motif", "type_trajet", "lieu_arrivee", "gite_id", "distance_aller", "aller_retour", "distance_totale", "reservation_id", "auto_genere", "created_at") VALUES ('7de710c2-dfde-4dc3-b995-9199d3e28be9'::uuid, '12296d3d-696b-4c5d-95b7-e0b3a1dd1814'::uuid, '2026-02-12', 2026, 'Courses - achat materiel', 'courses', 'intermarché', NULL, 7, TRUE, 14, NULL, FALSE, '2026-02-12T19:05:05.907248+00:00') ON CONFLICT DO NOTHING;
INSERT INTO public."km_trajets" ("id", "owner_user_id", "date_trajet", "annee_fiscale", "motif", "type_trajet", "lieu_arrivee", "gite_id", "distance_aller", "aller_retour", "distance_totale", "reservation_id", "auto_genere", "created_at") VALUES ('51696825-056f-45eb-af5e-02a30175a7a2'::uuid, '12296d3d-696b-4c5d-95b7-e0b3a1dd1814'::uuid, '2026-02-14', 2026, 'Courses - intermarché', 'courses', 'intermarché', NULL, 7, TRUE, 14, NULL, FALSE, '2026-02-14T16:22:19.093064+00:00') ON CONFLICT DO NOTHING;
INSERT INTO public."km_trajets" ("id", "owner_user_id", "date_trajet", "annee_fiscale", "motif", "type_trajet", "lieu_arrivee", "gite_id", "distance_aller", "aller_retour", "distance_totale", "reservation_id", "auto_genere", "created_at") VALUES ('5ab28248-2128-4ffb-8ed9-b9378a705642'::uuid, '12296d3d-696b-4c5d-95b7-e0b3a1dd1814'::uuid, '2026-01-03', 2026, 'Ménage entrée - Trévoux', 'menage_entree', 'Trévoux', '2ee6c0bb-1a6a-4490-85e6-af75a1ff3f03'::uuid, 25, TRUE, 50, '6796ead9-2d44-495f-81b0-58400a9280e3'::uuid, TRUE, '2026-02-16T20:09:23.151356+00:00') ON CONFLICT DO NOTHING;
INSERT INTO public."km_trajets" ("id", "owner_user_id", "date_trajet", "annee_fiscale", "motif", "type_trajet", "lieu_arrivee", "gite_id", "distance_aller", "aller_retour", "distance_totale", "reservation_id", "auto_genere", "created_at") VALUES ('566079cb-32bd-414f-95eb-fd9aa15a547c'::uuid, '12296d3d-696b-4c5d-95b7-e0b3a1dd1814'::uuid, '2026-01-09', 2026, 'Ménage sortie - Trévoux', 'menage_sortie', 'Trévoux', '2ee6c0bb-1a6a-4490-85e6-af75a1ff3f03'::uuid, 25, TRUE, 50, '6796ead9-2d44-495f-81b0-58400a9280e3'::uuid, TRUE, '2026-02-16T20:09:23.151356+00:00') ON CONFLICT DO NOTHING;
INSERT INTO public."km_trajets" ("id", "owner_user_id", "date_trajet", "annee_fiscale", "motif", "type_trajet", "lieu_arrivee", "gite_id", "distance_aller", "aller_retour", "distance_totale", "reservation_id", "auto_genere", "created_at") VALUES ('e8dfcc01-5605-4472-91f6-8b524377a40c'::uuid, '12296d3d-696b-4c5d-95b7-e0b3a1dd1814'::uuid, '2026-01-04', 2026, 'Ménage entrée - Couzon', 'menage_entree', 'Couzon', '655e201e-f0ae-40a1-90d7-1dd7876e5d97'::uuid, 32, TRUE, 64, '8f398bd1-7519-489c-9510-d91c3e71c466'::uuid, TRUE, '2026-02-16T20:09:23.495647+00:00') ON CONFLICT DO NOTHING;
INSERT INTO public."km_trajets" ("id", "owner_user_id", "date_trajet", "annee_fiscale", "motif", "type_trajet", "lieu_arrivee", "gite_id", "distance_aller", "aller_retour", "distance_totale", "reservation_id", "auto_genere", "created_at") VALUES ('8f5893a3-8944-4ec8-af54-d0138a8f64df'::uuid, '12296d3d-696b-4c5d-95b7-e0b3a1dd1814'::uuid, '2026-01-09', 2026, 'Ménage sortie - Couzon', 'menage_sortie', 'Couzon', '655e201e-f0ae-40a1-90d7-1dd7876e5d97'::uuid, 32, TRUE, 64, '8f398bd1-7519-489c-9510-d91c3e71c466'::uuid, TRUE, '2026-02-16T20:09:23.495647+00:00') ON CONFLICT DO NOTHING;
INSERT INTO public."km_trajets" ("id", "owner_user_id", "date_trajet", "annee_fiscale", "motif", "type_trajet", "lieu_arrivee", "gite_id", "distance_aller", "aller_retour", "distance_totale", "reservation_id", "auto_genere", "created_at") VALUES ('46f60230-fc07-4ad6-8f57-ad115c31240c'::uuid, '12296d3d-696b-4c5d-95b7-e0b3a1dd1814'::uuid, '2026-01-11', 2026, 'Ménage entrée - Trévoux', 'menage_entree', 'Trévoux', '2ee6c0bb-1a6a-4490-85e6-af75a1ff3f03'::uuid, 25, TRUE, 50, 'feb33125-130a-4299-b9fd-1ea17784fc73'::uuid, TRUE, '2026-02-16T20:09:23.720419+00:00') ON CONFLICT DO NOTHING;
INSERT INTO public."km_trajets" ("id", "owner_user_id", "date_trajet", "annee_fiscale", "motif", "type_trajet", "lieu_arrivee", "gite_id", "distance_aller", "aller_retour", "distance_totale", "reservation_id", "auto_genere", "created_at") VALUES ('79f69295-39c3-4553-a558-bb631fbaa79f'::uuid, '12296d3d-696b-4c5d-95b7-e0b3a1dd1814'::uuid, '2026-01-16', 2026, 'Ménage sortie - Trévoux', 'menage_sortie', 'Trévoux', '2ee6c0bb-1a6a-4490-85e6-af75a1ff3f03'::uuid, 25, TRUE, 50, 'feb33125-130a-4299-b9fd-1ea17784fc73'::uuid, TRUE, '2026-02-16T20:09:23.720419+00:00') ON CONFLICT DO NOTHING;
INSERT INTO public."km_trajets" ("id", "owner_user_id", "date_trajet", "annee_fiscale", "motif", "type_trajet", "lieu_arrivee", "gite_id", "distance_aller", "aller_retour", "distance_totale", "reservation_id", "auto_genere", "created_at") VALUES ('4704decb-04db-4cc8-b015-7635b27071b2'::uuid, '12296d3d-696b-4c5d-95b7-e0b3a1dd1814'::uuid, '2026-01-15', 2026, 'Ménage entrée - Trévoux', 'menage_entree', 'Trévoux', '2ee6c0bb-1a6a-4490-85e6-af75a1ff3f03'::uuid, 25, TRUE, 50, '85fa0359-a443-4887-8757-51c803b3aad4'::uuid, TRUE, '2026-02-16T20:09:24.017686+00:00') ON CONFLICT DO NOTHING;
INSERT INTO public."km_trajets" ("id", "owner_user_id", "date_trajet", "annee_fiscale", "motif", "type_trajet", "lieu_arrivee", "gite_id", "distance_aller", "aller_retour", "distance_totale", "reservation_id", "auto_genere", "created_at") VALUES ('e4e00734-2751-4e81-86b7-5c682e252283'::uuid, '12296d3d-696b-4c5d-95b7-e0b3a1dd1814'::uuid, '2026-01-18', 2026, 'Ménage sortie - Trévoux', 'menage_sortie', 'Trévoux', '2ee6c0bb-1a6a-4490-85e6-af75a1ff3f03'::uuid, 25, TRUE, 50, '85fa0359-a443-4887-8757-51c803b3aad4'::uuid, TRUE, '2026-02-16T20:09:24.017686+00:00') ON CONFLICT DO NOTHING;
INSERT INTO public."km_trajets" ("id", "owner_user_id", "date_trajet", "annee_fiscale", "motif", "type_trajet", "lieu_arrivee", "gite_id", "distance_aller", "aller_retour", "distance_totale", "reservation_id", "auto_genere", "created_at") VALUES ('48608007-9e79-4dce-9a70-7fcb2ea7dd06'::uuid, '12296d3d-696b-4c5d-95b7-e0b3a1dd1814'::uuid, '2026-01-21', 2026, 'Ménage entrée - Trévoux', 'menage_entree', 'Trévoux', '2ee6c0bb-1a6a-4490-85e6-af75a1ff3f03'::uuid, 25, TRUE, 50, 'b8587cbb-176b-49ad-bdad-370733c94feb'::uuid, TRUE, '2026-02-16T20:09:24.473309+00:00') ON CONFLICT DO NOTHING;
INSERT INTO public."km_trajets" ("id", "owner_user_id", "date_trajet", "annee_fiscale", "motif", "type_trajet", "lieu_arrivee", "gite_id", "distance_aller", "aller_retour", "distance_totale", "reservation_id", "auto_genere", "created_at") VALUES ('eecbd525-9a96-4ae0-9ffd-daadef9f4e39'::uuid, '12296d3d-696b-4c5d-95b7-e0b3a1dd1814'::uuid, '2026-01-25', 2026, 'Ménage sortie - Trévoux', 'menage_sortie', 'Trévoux', '2ee6c0bb-1a6a-4490-85e6-af75a1ff3f03'::uuid, 25, TRUE, 50, 'b8587cbb-176b-49ad-bdad-370733c94feb'::uuid, TRUE, '2026-02-16T20:09:24.473309+00:00') ON CONFLICT DO NOTHING;
INSERT INTO public."km_trajets" ("id", "owner_user_id", "date_trajet", "annee_fiscale", "motif", "type_trajet", "lieu_arrivee", "gite_id", "distance_aller", "aller_retour", "distance_totale", "reservation_id", "auto_genere", "created_at") VALUES ('123782f1-5f28-4f91-b3e7-0ad6621cdfbf'::uuid, '12296d3d-696b-4c5d-95b7-e0b3a1dd1814'::uuid, '2026-01-25', 2026, 'Ménage entrée - Trévoux', 'menage_entree', 'Trévoux', '2ee6c0bb-1a6a-4490-85e6-af75a1ff3f03'::uuid, 25, TRUE, 50, '4671a2d3-ea0c-49bc-bc65-37ce67e1ca39'::uuid, TRUE, '2026-02-16T20:09:24.697258+00:00') ON CONFLICT DO NOTHING;
INSERT INTO public."km_trajets" ("id", "owner_user_id", "date_trajet", "annee_fiscale", "motif", "type_trajet", "lieu_arrivee", "gite_id", "distance_aller", "aller_retour", "distance_totale", "reservation_id", "auto_genere", "created_at") VALUES ('38e7e830-48d6-45d1-a9ca-aa0270995735'::uuid, '12296d3d-696b-4c5d-95b7-e0b3a1dd1814'::uuid, '2026-01-30', 2026, 'Ménage sortie - Trévoux', 'menage_sortie', 'Trévoux', '2ee6c0bb-1a6a-4490-85e6-af75a1ff3f03'::uuid, 25, TRUE, 50, '4671a2d3-ea0c-49bc-bc65-37ce67e1ca39'::uuid, TRUE, '2026-02-16T20:09:24.697258+00:00') ON CONFLICT DO NOTHING;
INSERT INTO public."km_trajets" ("id", "owner_user_id", "date_trajet", "annee_fiscale", "motif", "type_trajet", "lieu_arrivee", "gite_id", "distance_aller", "aller_retour", "distance_totale", "reservation_id", "auto_genere", "created_at") VALUES ('6833ebbe-f92e-49f2-baa2-26821d78d75b'::uuid, '12296d3d-696b-4c5d-95b7-e0b3a1dd1814'::uuid, '2026-01-29', 2026, 'Ménage entrée - Couzon', 'menage_entree', 'Couzon', '655e201e-f0ae-40a1-90d7-1dd7876e5d97'::uuid, 32, TRUE, 64, 'e5da4519-7d2b-4ede-bcd2-b30343f134ef'::uuid, TRUE, '2026-02-16T20:09:25.264813+00:00') ON CONFLICT DO NOTHING;
INSERT INTO public."km_trajets" ("id", "owner_user_id", "date_trajet", "annee_fiscale", "motif", "type_trajet", "lieu_arrivee", "gite_id", "distance_aller", "aller_retour", "distance_totale", "reservation_id", "auto_genere", "created_at") VALUES ('8d1385e0-8f23-4229-b08b-dadf9d3e30d7'::uuid, '12296d3d-696b-4c5d-95b7-e0b3a1dd1814'::uuid, '2026-02-01', 2026, 'Ménage sortie - Couzon', 'menage_sortie', 'Couzon', '655e201e-f0ae-40a1-90d7-1dd7876e5d97'::uuid, 32, TRUE, 64, 'e5da4519-7d2b-4ede-bcd2-b30343f134ef'::uuid, TRUE, '2026-02-16T20:09:25.264813+00:00') ON CONFLICT DO NOTHING;
INSERT INTO public."km_trajets" ("id", "owner_user_id", "date_trajet", "annee_fiscale", "motif", "type_trajet", "lieu_arrivee", "gite_id", "distance_aller", "aller_retour", "distance_totale", "reservation_id", "auto_genere", "created_at") VALUES ('f8e274b3-815c-41ec-8990-9cd3412bed1a'::uuid, '12296d3d-696b-4c5d-95b7-e0b3a1dd1814'::uuid, '2026-01-29', 2026, 'Ménage entrée - Trévoux', 'menage_entree', 'Trévoux', '2ee6c0bb-1a6a-4490-85e6-af75a1ff3f03'::uuid, 25, TRUE, 50, '3377fd8c-2dc8-4db5-9908-3b41a3296ef0'::uuid, TRUE, '2026-02-16T20:09:25.862594+00:00') ON CONFLICT DO NOTHING;
INSERT INTO public."km_trajets" ("id", "owner_user_id", "date_trajet", "annee_fiscale", "motif", "type_trajet", "lieu_arrivee", "gite_id", "distance_aller", "aller_retour", "distance_totale", "reservation_id", "auto_genere", "created_at") VALUES ('1c9a0357-f29e-4580-a8a6-2b787b9ecc12'::uuid, '12296d3d-696b-4c5d-95b7-e0b3a1dd1814'::uuid, '2026-02-01', 2026, 'Ménage sortie - Trévoux', 'menage_sortie', 'Trévoux', '2ee6c0bb-1a6a-4490-85e6-af75a1ff3f03'::uuid, 25, TRUE, 50, '3377fd8c-2dc8-4db5-9908-3b41a3296ef0'::uuid, TRUE, '2026-02-16T20:09:25.862594+00:00') ON CONFLICT DO NOTHING;
INSERT INTO public."km_trajets" ("id", "owner_user_id", "date_trajet", "annee_fiscale", "motif", "type_trajet", "lieu_arrivee", "gite_id", "distance_aller", "aller_retour", "distance_totale", "reservation_id", "auto_genere", "created_at") VALUES ('bc65f86d-5279-402d-b06b-f7a079f298c7'::uuid, '12296d3d-696b-4c5d-95b7-e0b3a1dd1814'::uuid, '2026-02-01', 2026, 'Ménage entrée - Trévoux', 'menage_entree', 'Trévoux', '2ee6c0bb-1a6a-4490-85e6-af75a1ff3f03'::uuid, 25, TRUE, 50, 'e40fef57-a6e2-4440-a670-4e6a2f15852c'::uuid, TRUE, '2026-02-16T20:09:26.572042+00:00') ON CONFLICT DO NOTHING;
INSERT INTO public."km_trajets" ("id", "owner_user_id", "date_trajet", "annee_fiscale", "motif", "type_trajet", "lieu_arrivee", "gite_id", "distance_aller", "aller_retour", "distance_totale", "reservation_id", "auto_genere", "created_at") VALUES ('bd27811f-e434-4922-82b0-d2337d7a56c5'::uuid, '12296d3d-696b-4c5d-95b7-e0b3a1dd1814'::uuid, '2026-02-06', 2026, 'Ménage sortie - Trévoux', 'menage_sortie', 'Trévoux', '2ee6c0bb-1a6a-4490-85e6-af75a1ff3f03'::uuid, 25, TRUE, 50, 'e40fef57-a6e2-4440-a670-4e6a2f15852c'::uuid, TRUE, '2026-02-16T20:09:26.572042+00:00') ON CONFLICT DO NOTHING;
INSERT INTO public."km_trajets" ("id", "owner_user_id", "date_trajet", "annee_fiscale", "motif", "type_trajet", "lieu_arrivee", "gite_id", "distance_aller", "aller_retour", "distance_totale", "reservation_id", "auto_genere", "created_at") VALUES ('f7c54c84-f7ed-4d4f-8ad1-3c6333a1edbf'::uuid, '12296d3d-696b-4c5d-95b7-e0b3a1dd1814'::uuid, '2026-02-04', 2026, 'Ménage entrée - Couzon', 'menage_entree', 'Couzon', '655e201e-f0ae-40a1-90d7-1dd7876e5d97'::uuid, 32, TRUE, 64, 'ceb55198-74ed-49c3-9e7b-bbee40a2d368'::uuid, TRUE, '2026-02-16T20:09:26.810295+00:00') ON CONFLICT DO NOTHING;
INSERT INTO public."km_trajets" ("id", "owner_user_id", "date_trajet", "annee_fiscale", "motif", "type_trajet", "lieu_arrivee", "gite_id", "distance_aller", "aller_retour", "distance_totale", "reservation_id", "auto_genere", "created_at") VALUES ('235f2f6c-3f95-43ec-b1e2-cc5ec7a5f75d'::uuid, '12296d3d-696b-4c5d-95b7-e0b3a1dd1814'::uuid, '2026-02-07', 2026, 'Ménage sortie - Couzon', 'menage_sortie', 'Couzon', '655e201e-f0ae-40a1-90d7-1dd7876e5d97'::uuid, 32, TRUE, 64, 'ceb55198-74ed-49c3-9e7b-bbee40a2d368'::uuid, TRUE, '2026-02-16T20:09:26.810295+00:00') ON CONFLICT DO NOTHING;
INSERT INTO public."km_trajets" ("id", "owner_user_id", "date_trajet", "annee_fiscale", "motif", "type_trajet", "lieu_arrivee", "gite_id", "distance_aller", "aller_retour", "distance_totale", "reservation_id", "auto_genere", "created_at") VALUES ('591a5db8-ba60-44c7-8b98-98fe2346669d'::uuid, '12296d3d-696b-4c5d-95b7-e0b3a1dd1814'::uuid, '2026-02-08', 2026, 'Ménage entrée - Trévoux', 'menage_entree', 'Trévoux', '2ee6c0bb-1a6a-4490-85e6-af75a1ff3f03'::uuid, 25, TRUE, 50, 'ca55fe96-e27a-446d-b561-6296aebbf74e'::uuid, TRUE, '2026-02-16T20:09:27.171509+00:00') ON CONFLICT DO NOTHING;
INSERT INTO public."km_trajets" ("id", "owner_user_id", "date_trajet", "annee_fiscale", "motif", "type_trajet", "lieu_arrivee", "gite_id", "distance_aller", "aller_retour", "distance_totale", "reservation_id", "auto_genere", "created_at") VALUES ('6f051ed1-4349-4a63-9bec-3a0fa27196ce'::uuid, '12296d3d-696b-4c5d-95b7-e0b3a1dd1814'::uuid, '2026-02-13', 2026, 'Ménage sortie - Trévoux', 'menage_sortie', 'Trévoux', '2ee6c0bb-1a6a-4490-85e6-af75a1ff3f03'::uuid, 25, TRUE, 50, 'ca55fe96-e27a-446d-b561-6296aebbf74e'::uuid, TRUE, '2026-02-16T20:09:27.171509+00:00') ON CONFLICT DO NOTHING;
INSERT INTO public."km_trajets" ("id", "owner_user_id", "date_trajet", "annee_fiscale", "motif", "type_trajet", "lieu_arrivee", "gite_id", "distance_aller", "aller_retour", "distance_totale", "reservation_id", "auto_genere", "created_at") VALUES ('d7e3fb8b-b6b8-4cbf-b079-3fcf8e3122a2'::uuid, '12296d3d-696b-4c5d-95b7-e0b3a1dd1814'::uuid, '2026-02-19', 2026, 'Ménage entrée - Couzon', 'menage_entree', 'Couzon', '655e201e-f0ae-40a1-90d7-1dd7876e5d97'::uuid, 32, TRUE, 64, '804f85f4-a0e1-4f01-99ac-6785ce755c0f'::uuid, TRUE, '2026-02-16T20:09:27.39353+00:00') ON CONFLICT DO NOTHING;
INSERT INTO public."km_trajets" ("id", "owner_user_id", "date_trajet", "annee_fiscale", "motif", "type_trajet", "lieu_arrivee", "gite_id", "distance_aller", "aller_retour", "distance_totale", "reservation_id", "auto_genere", "created_at") VALUES ('1e3502ec-4fef-4196-8826-ef71ab7b3563'::uuid, '12296d3d-696b-4c5d-95b7-e0b3a1dd1814'::uuid, '2026-02-22', 2026, 'Ménage sortie - Couzon', 'menage_sortie', 'Couzon', '655e201e-f0ae-40a1-90d7-1dd7876e5d97'::uuid, 32, TRUE, 64, '804f85f4-a0e1-4f01-99ac-6785ce755c0f'::uuid, TRUE, '2026-02-16T20:09:27.39353+00:00') ON CONFLICT DO NOTHING;
INSERT INTO public."km_trajets" ("id", "owner_user_id", "date_trajet", "annee_fiscale", "motif", "type_trajet", "lieu_arrivee", "gite_id", "distance_aller", "aller_retour", "distance_totale", "reservation_id", "auto_genere", "created_at") VALUES ('b288d551-c3ea-46a3-947b-89121decb0c8'::uuid, '12296d3d-696b-4c5d-95b7-e0b3a1dd1814'::uuid, '2026-02-19', 2026, 'Ménage entrée - Trévoux', 'menage_entree', 'Trévoux', '2ee6c0bb-1a6a-4490-85e6-af75a1ff3f03'::uuid, 25, TRUE, 50, '0e6d6434-5b05-4ef3-9616-f46cbfe7bba5'::uuid, TRUE, '2026-02-16T20:09:27.63254+00:00') ON CONFLICT DO NOTHING;
INSERT INTO public."km_trajets" ("id", "owner_user_id", "date_trajet", "annee_fiscale", "motif", "type_trajet", "lieu_arrivee", "gite_id", "distance_aller", "aller_retour", "distance_totale", "reservation_id", "auto_genere", "created_at") VALUES ('a110826a-4dc8-48b0-b08c-1191fa6a070a'::uuid, '12296d3d-696b-4c5d-95b7-e0b3a1dd1814'::uuid, '2026-02-22', 2026, 'Ménage sortie - Trévoux', 'menage_sortie', 'Trévoux', '2ee6c0bb-1a6a-4490-85e6-af75a1ff3f03'::uuid, 25, TRUE, 50, '0e6d6434-5b05-4ef3-9616-f46cbfe7bba5'::uuid, TRUE, '2026-02-16T20:09:27.63254+00:00') ON CONFLICT DO NOTHING;
INSERT INTO public."km_trajets" ("id", "owner_user_id", "date_trajet", "annee_fiscale", "motif", "type_trajet", "lieu_arrivee", "gite_id", "distance_aller", "aller_retour", "distance_totale", "reservation_id", "auto_genere", "created_at") VALUES ('3b9a50c0-e6e9-4084-a6fb-06ad7de76753'::uuid, '12296d3d-696b-4c5d-95b7-e0b3a1dd1814'::uuid, '2026-02-21', 2026, 'Ménage entrée - Trévoux', 'menage_entree', 'Trévoux', '2ee6c0bb-1a6a-4490-85e6-af75a1ff3f03'::uuid, 25, TRUE, 50, '90b425cf-cb02-4d09-9a38-ad3b89d740b1'::uuid, TRUE, '2026-02-16T20:09:27.865525+00:00') ON CONFLICT DO NOTHING;
INSERT INTO public."km_trajets" ("id", "owner_user_id", "date_trajet", "annee_fiscale", "motif", "type_trajet", "lieu_arrivee", "gite_id", "distance_aller", "aller_retour", "distance_totale", "reservation_id", "auto_genere", "created_at") VALUES ('14676b5a-09a9-4ed8-9fbb-829bf69410dc'::uuid, '12296d3d-696b-4c5d-95b7-e0b3a1dd1814'::uuid, '2026-02-26', 2026, 'Ménage sortie - Trévoux', 'menage_sortie', 'Trévoux', '2ee6c0bb-1a6a-4490-85e6-af75a1ff3f03'::uuid, 25, TRUE, 50, '90b425cf-cb02-4d09-9a38-ad3b89d740b1'::uuid, TRUE, '2026-02-16T20:09:27.865525+00:00') ON CONFLICT DO NOTHING;
INSERT INTO public."km_trajets" ("id", "owner_user_id", "date_trajet", "annee_fiscale", "motif", "type_trajet", "lieu_arrivee", "gite_id", "distance_aller", "aller_retour", "distance_totale", "reservation_id", "auto_genere", "created_at") VALUES ('2560a341-a966-49fc-ae71-b1efb79cb15d'::uuid, '12296d3d-696b-4c5d-95b7-e0b3a1dd1814'::uuid, '2026-02-21', 2026, 'Ménage entrée - Couzon', 'menage_entree', 'Couzon', '655e201e-f0ae-40a1-90d7-1dd7876e5d97'::uuid, 32, TRUE, 64, 'fbf54c0d-7328-44a7-97c4-2288bfbf68bc'::uuid, TRUE, '2026-02-16T20:09:28.088641+00:00') ON CONFLICT DO NOTHING;
INSERT INTO public."km_trajets" ("id", "owner_user_id", "date_trajet", "annee_fiscale", "motif", "type_trajet", "lieu_arrivee", "gite_id", "distance_aller", "aller_retour", "distance_totale", "reservation_id", "auto_genere", "created_at") VALUES ('efaf594d-aab5-4006-a359-92302a5823e0'::uuid, '12296d3d-696b-4c5d-95b7-e0b3a1dd1814'::uuid, '2026-02-25', 2026, 'Ménage sortie - Couzon', 'menage_sortie', 'Couzon', '655e201e-f0ae-40a1-90d7-1dd7876e5d97'::uuid, 32, TRUE, 64, 'fbf54c0d-7328-44a7-97c4-2288bfbf68bc'::uuid, TRUE, '2026-02-16T20:09:28.088641+00:00') ON CONFLICT DO NOTHING;
INSERT INTO public."km_trajets" ("id", "owner_user_id", "date_trajet", "annee_fiscale", "motif", "type_trajet", "lieu_arrivee", "gite_id", "distance_aller", "aller_retour", "distance_totale", "reservation_id", "auto_genere", "created_at") VALUES ('49c166f4-38c8-4aa0-a529-1433b9ab0f91'::uuid, '12296d3d-696b-4c5d-95b7-e0b3a1dd1814'::uuid, '2026-02-26', 2026, 'Ménage entrée - Couzon', 'menage_entree', 'Couzon', '655e201e-f0ae-40a1-90d7-1dd7876e5d97'::uuid, 32, TRUE, 64, '0b2e3989-ce6c-4e1b-8410-75bc70b45a73'::uuid, TRUE, '2026-02-16T20:09:28.311404+00:00') ON CONFLICT DO NOTHING;
INSERT INTO public."km_trajets" ("id", "owner_user_id", "date_trajet", "annee_fiscale", "motif", "type_trajet", "lieu_arrivee", "gite_id", "distance_aller", "aller_retour", "distance_totale", "reservation_id", "auto_genere", "created_at") VALUES ('db7cc180-6015-4557-baaa-64a073871f36'::uuid, '12296d3d-696b-4c5d-95b7-e0b3a1dd1814'::uuid, '2026-03-02', 2026, 'Ménage sortie - Couzon', 'menage_sortie', 'Couzon', '655e201e-f0ae-40a1-90d7-1dd7876e5d97'::uuid, 32, TRUE, 64, '0b2e3989-ce6c-4e1b-8410-75bc70b45a73'::uuid, TRUE, '2026-02-16T20:09:28.311404+00:00') ON CONFLICT DO NOTHING;
INSERT INTO public."km_trajets" ("id", "owner_user_id", "date_trajet", "annee_fiscale", "motif", "type_trajet", "lieu_arrivee", "gite_id", "distance_aller", "aller_retour", "distance_totale", "reservation_id", "auto_genere", "created_at") VALUES ('4e8638f6-4a7a-4495-8894-f0c902e5aad2'::uuid, '12296d3d-696b-4c5d-95b7-e0b3a1dd1814'::uuid, '2026-04-03', 2026, 'Ménage entrée - Trévoux', 'menage_entree', 'Trévoux', '2ee6c0bb-1a6a-4490-85e6-af75a1ff3f03'::uuid, 25, TRUE, 50, 'b2580c46-a7f1-42fe-8716-88ffcdc371b8'::uuid, TRUE, '2026-02-16T20:09:29.907912+00:00') ON CONFLICT DO NOTHING;
INSERT INTO public."km_trajets" ("id", "owner_user_id", "date_trajet", "annee_fiscale", "motif", "type_trajet", "lieu_arrivee", "gite_id", "distance_aller", "aller_retour", "distance_totale", "reservation_id", "auto_genere", "created_at") VALUES ('2a8e1783-9d0d-4eba-a0bb-52dcd2d1eda9'::uuid, '12296d3d-696b-4c5d-95b7-e0b3a1dd1814'::uuid, '2026-04-06', 2026, 'Ménage sortie - Trévoux', 'menage_sortie', 'Trévoux', '2ee6c0bb-1a6a-4490-85e6-af75a1ff3f03'::uuid, 25, TRUE, 50, 'b2580c46-a7f1-42fe-8716-88ffcdc371b8'::uuid, TRUE, '2026-02-16T20:09:29.907912+00:00') ON CONFLICT DO NOTHING;
INSERT INTO public."km_trajets" ("id", "owner_user_id", "date_trajet", "annee_fiscale", "motif", "type_trajet", "lieu_arrivee", "gite_id", "distance_aller", "aller_retour", "distance_totale", "reservation_id", "auto_genere", "created_at") VALUES ('11bd2845-dd01-4ac7-8c37-88b1ede43df0'::uuid, '12296d3d-696b-4c5d-95b7-e0b3a1dd1814'::uuid, '2026-04-30', 2026, 'Ménage entrée - Couzon', 'menage_entree', 'Couzon', '655e201e-f0ae-40a1-90d7-1dd7876e5d97'::uuid, 32, TRUE, 64, '6e76252b-e8a1-4cc0-8308-c05c43bbe861'::uuid, TRUE, '2026-02-16T20:09:31.432808+00:00') ON CONFLICT DO NOTHING;
INSERT INTO public."km_trajets" ("id", "owner_user_id", "date_trajet", "annee_fiscale", "motif", "type_trajet", "lieu_arrivee", "gite_id", "distance_aller", "aller_retour", "distance_totale", "reservation_id", "auto_genere", "created_at") VALUES ('ff273fa8-9cab-4e67-85f3-af049d4e95e9'::uuid, '12296d3d-696b-4c5d-95b7-e0b3a1dd1814'::uuid, '2026-05-03', 2026, 'Ménage sortie - Couzon', 'menage_sortie', 'Couzon', '655e201e-f0ae-40a1-90d7-1dd7876e5d97'::uuid, 32, TRUE, 64, '6e76252b-e8a1-4cc0-8308-c05c43bbe861'::uuid, TRUE, '2026-02-16T20:09:31.432808+00:00') ON CONFLICT DO NOTHING;
INSERT INTO public."km_trajets" ("id", "owner_user_id", "date_trajet", "annee_fiscale", "motif", "type_trajet", "lieu_arrivee", "gite_id", "distance_aller", "aller_retour", "distance_totale", "reservation_id", "auto_genere", "created_at") VALUES ('ead3429d-889b-439d-9937-73402da41c0a'::uuid, '12296d3d-696b-4c5d-95b7-e0b3a1dd1814'::uuid, '2026-05-29', 2026, 'Ménage entrée - Couzon', 'menage_entree', 'Couzon', '655e201e-f0ae-40a1-90d7-1dd7876e5d97'::uuid, 32, TRUE, 64, '00fe2b82-b624-4f3d-8a9c-bf79ee93cf31'::uuid, TRUE, '2026-02-16T20:09:32.912937+00:00') ON CONFLICT DO NOTHING;
INSERT INTO public."km_trajets" ("id", "owner_user_id", "date_trajet", "annee_fiscale", "motif", "type_trajet", "lieu_arrivee", "gite_id", "distance_aller", "aller_retour", "distance_totale", "reservation_id", "auto_genere", "created_at") VALUES ('4905504c-6fdb-4faf-bc3e-716850ae9429'::uuid, '12296d3d-696b-4c5d-95b7-e0b3a1dd1814'::uuid, '2026-06-06', 2026, 'Ménage sortie - Couzon', 'menage_sortie', 'Couzon', '655e201e-f0ae-40a1-90d7-1dd7876e5d97'::uuid, 32, TRUE, 64, '00fe2b82-b624-4f3d-8a9c-bf79ee93cf31'::uuid, TRUE, '2026-02-16T20:09:32.912937+00:00') ON CONFLICT DO NOTHING;
INSERT INTO public."km_trajets" ("id", "owner_user_id", "date_trajet", "annee_fiscale", "motif", "type_trajet", "lieu_arrivee", "gite_id", "distance_aller", "aller_retour", "distance_totale", "reservation_id", "auto_genere", "created_at") VALUES ('02078ec1-4037-4ef9-b9b9-2d40c4330087'::uuid, '12296d3d-696b-4c5d-95b7-e0b3a1dd1814'::uuid, '2026-08-27', 2026, 'Ménage entrée - Trévoux', 'menage_entree', 'Trévoux', '2ee6c0bb-1a6a-4490-85e6-af75a1ff3f03'::uuid, 25, TRUE, 50, 'ad6630a6-bef7-4e1e-9e56-146be9978692'::uuid, TRUE, '2026-02-16T20:09:34.458014+00:00') ON CONFLICT DO NOTHING;
INSERT INTO public."km_trajets" ("id", "owner_user_id", "date_trajet", "annee_fiscale", "motif", "type_trajet", "lieu_arrivee", "gite_id", "distance_aller", "aller_retour", "distance_totale", "reservation_id", "auto_genere", "created_at") VALUES ('c181b311-4544-440b-8733-c64e5631b85f'::uuid, '12296d3d-696b-4c5d-95b7-e0b3a1dd1814'::uuid, '2026-08-30', 2026, 'Ménage sortie - Trévoux', 'menage_sortie', 'Trévoux', '2ee6c0bb-1a6a-4490-85e6-af75a1ff3f03'::uuid, 25, TRUE, 50, 'ad6630a6-bef7-4e1e-9e56-146be9978692'::uuid, TRUE, '2026-02-16T20:09:34.458014+00:00') ON CONFLICT DO NOTHING;
INSERT INTO public."km_trajets" ("id", "owner_user_id", "date_trajet", "annee_fiscale", "motif", "type_trajet", "lieu_arrivee", "gite_id", "distance_aller", "aller_retour", "distance_totale", "reservation_id", "auto_genere", "created_at") VALUES ('4bb67bc9-9846-4b78-9766-eb200d89c199'::uuid, '12296d3d-696b-4c5d-95b7-e0b3a1dd1814'::uuid, '2026-03-05', 2026, 'Ménage entrée - Trévoux', 'menage_entree', 'Trévoux', '2ee6c0bb-1a6a-4490-85e6-af75a1ff3f03'::uuid, 25, TRUE, 50, 'd4c74772-e257-4468-a373-23cac49b9ded'::uuid, TRUE, '2026-02-16T20:09:28.536356+00:00') ON CONFLICT DO NOTHING;
INSERT INTO public."km_trajets" ("id", "owner_user_id", "date_trajet", "annee_fiscale", "motif", "type_trajet", "lieu_arrivee", "gite_id", "distance_aller", "aller_retour", "distance_totale", "reservation_id", "auto_genere", "created_at") VALUES ('ccffdada-3ae7-43fd-bf13-fcde0b346614'::uuid, '12296d3d-696b-4c5d-95b7-e0b3a1dd1814'::uuid, '2026-03-08', 2026, 'Ménage sortie - Trévoux', 'menage_sortie', 'Trévoux', '2ee6c0bb-1a6a-4490-85e6-af75a1ff3f03'::uuid, 25, TRUE, 50, 'd4c74772-e257-4468-a373-23cac49b9ded'::uuid, TRUE, '2026-02-16T20:09:28.536356+00:00') ON CONFLICT DO NOTHING;
INSERT INTO public."km_trajets" ("id", "owner_user_id", "date_trajet", "annee_fiscale", "motif", "type_trajet", "lieu_arrivee", "gite_id", "distance_aller", "aller_retour", "distance_totale", "reservation_id", "auto_genere", "created_at") VALUES ('de799145-c0d1-4c6a-be36-4eb1cacbc175'::uuid, '12296d3d-696b-4c5d-95b7-e0b3a1dd1814'::uuid, '2026-04-09', 2026, 'Ménage entrée - Couzon', 'menage_entree', 'Couzon', '655e201e-f0ae-40a1-90d7-1dd7876e5d97'::uuid, 32, TRUE, 64, 'c061820e-998c-4308-9726-85bc4788222f'::uuid, TRUE, '2026-02-16T20:09:30.123172+00:00') ON CONFLICT DO NOTHING;
INSERT INTO public."km_trajets" ("id", "owner_user_id", "date_trajet", "annee_fiscale", "motif", "type_trajet", "lieu_arrivee", "gite_id", "distance_aller", "aller_retour", "distance_totale", "reservation_id", "auto_genere", "created_at") VALUES ('74a4ff19-d3f7-4583-90b4-0024e2cc6737'::uuid, '12296d3d-696b-4c5d-95b7-e0b3a1dd1814'::uuid, '2026-04-13', 2026, 'Ménage sortie - Couzon', 'menage_sortie', 'Couzon', '655e201e-f0ae-40a1-90d7-1dd7876e5d97'::uuid, 32, TRUE, 64, 'c061820e-998c-4308-9726-85bc4788222f'::uuid, TRUE, '2026-02-16T20:09:30.123172+00:00') ON CONFLICT DO NOTHING;
INSERT INTO public."km_trajets" ("id", "owner_user_id", "date_trajet", "annee_fiscale", "motif", "type_trajet", "lieu_arrivee", "gite_id", "distance_aller", "aller_retour", "distance_totale", "reservation_id", "auto_genere", "created_at") VALUES ('edea4932-9e26-4da9-aab1-5698d8669900'::uuid, '12296d3d-696b-4c5d-95b7-e0b3a1dd1814'::uuid, '2026-05-07', 2026, 'Ménage entrée - Trévoux', 'menage_entree', 'Trévoux', '2ee6c0bb-1a6a-4490-85e6-af75a1ff3f03'::uuid, 25, TRUE, 50, 'c06b056f-41d4-4b2f-8bf6-20685b80b7b1'::uuid, TRUE, '2026-02-16T20:09:31.653842+00:00') ON CONFLICT DO NOTHING;
INSERT INTO public."km_trajets" ("id", "owner_user_id", "date_trajet", "annee_fiscale", "motif", "type_trajet", "lieu_arrivee", "gite_id", "distance_aller", "aller_retour", "distance_totale", "reservation_id", "auto_genere", "created_at") VALUES ('2632fafd-38a1-4ea3-914b-f60004b16960'::uuid, '12296d3d-696b-4c5d-95b7-e0b3a1dd1814'::uuid, '2026-05-10', 2026, 'Ménage sortie - Trévoux', 'menage_sortie', 'Trévoux', '2ee6c0bb-1a6a-4490-85e6-af75a1ff3f03'::uuid, 25, TRUE, 50, 'c06b056f-41d4-4b2f-8bf6-20685b80b7b1'::uuid, TRUE, '2026-02-16T20:09:31.653842+00:00') ON CONFLICT DO NOTHING;
INSERT INTO public."km_trajets" ("id", "owner_user_id", "date_trajet", "annee_fiscale", "motif", "type_trajet", "lieu_arrivee", "gite_id", "distance_aller", "aller_retour", "distance_totale", "reservation_id", "auto_genere", "created_at") VALUES ('c83e7750-2b3f-45da-b6c6-f1181de20a79'::uuid, '12296d3d-696b-4c5d-95b7-e0b3a1dd1814'::uuid, '2026-06-02', 2026, 'Ménage entrée - Trévoux', 'menage_entree', 'Trévoux', '2ee6c0bb-1a6a-4490-85e6-af75a1ff3f03'::uuid, 25, TRUE, 50, '545ac8da-c691-418f-8e44-782aa32dce5e'::uuid, TRUE, '2026-02-16T20:09:33.135547+00:00') ON CONFLICT DO NOTHING;
INSERT INTO public."km_trajets" ("id", "owner_user_id", "date_trajet", "annee_fiscale", "motif", "type_trajet", "lieu_arrivee", "gite_id", "distance_aller", "aller_retour", "distance_totale", "reservation_id", "auto_genere", "created_at") VALUES ('80da8d05-65ff-4f27-94a9-528793f419c6'::uuid, '12296d3d-696b-4c5d-95b7-e0b3a1dd1814'::uuid, '2026-06-07', 2026, 'Ménage sortie - Trévoux', 'menage_sortie', 'Trévoux', '2ee6c0bb-1a6a-4490-85e6-af75a1ff3f03'::uuid, 25, TRUE, 50, '545ac8da-c691-418f-8e44-782aa32dce5e'::uuid, TRUE, '2026-02-16T20:09:33.135547+00:00') ON CONFLICT DO NOTHING;
INSERT INTO public."km_trajets" ("id", "owner_user_id", "date_trajet", "annee_fiscale", "motif", "type_trajet", "lieu_arrivee", "gite_id", "distance_aller", "aller_retour", "distance_totale", "reservation_id", "auto_genere", "created_at") VALUES ('0d0d3f25-1489-4be4-bd03-01366da99f74'::uuid, '12296d3d-696b-4c5d-95b7-e0b3a1dd1814'::uuid, '2026-10-22', 2026, 'Ménage entrée - Trévoux', 'menage_entree', 'Trévoux', '2ee6c0bb-1a6a-4490-85e6-af75a1ff3f03'::uuid, 25, TRUE, 50, '7ee3b5fe-2aff-4947-bda3-ac7d7e4644ea'::uuid, TRUE, '2026-02-16T20:09:34.696083+00:00') ON CONFLICT DO NOTHING;
INSERT INTO public."km_trajets" ("id", "owner_user_id", "date_trajet", "annee_fiscale", "motif", "type_trajet", "lieu_arrivee", "gite_id", "distance_aller", "aller_retour", "distance_totale", "reservation_id", "auto_genere", "created_at") VALUES ('0f8bc844-2a97-4814-8102-ec5c7afd7b0e'::uuid, '12296d3d-696b-4c5d-95b7-e0b3a1dd1814'::uuid, '2026-10-25', 2026, 'Ménage sortie - Trévoux', 'menage_sortie', 'Trévoux', '2ee6c0bb-1a6a-4490-85e6-af75a1ff3f03'::uuid, 25, TRUE, 50, '7ee3b5fe-2aff-4947-bda3-ac7d7e4644ea'::uuid, TRUE, '2026-02-16T20:09:34.696083+00:00') ON CONFLICT DO NOTHING;
INSERT INTO public."km_trajets" ("id", "owner_user_id", "date_trajet", "annee_fiscale", "motif", "type_trajet", "lieu_arrivee", "gite_id", "distance_aller", "aller_retour", "distance_totale", "reservation_id", "auto_genere", "created_at") VALUES ('a2dec41a-341a-481f-8184-4864c311ee05'::uuid, '12296d3d-696b-4c5d-95b7-e0b3a1dd1814'::uuid, '2026-03-05', 2026, 'Ménage entrée - Couzon', 'menage_entree', 'Couzon', '655e201e-f0ae-40a1-90d7-1dd7876e5d97'::uuid, 32, TRUE, 64, '68714254-61c7-41b5-95aa-8d9f963ece6a'::uuid, TRUE, '2026-02-16T20:09:28.759703+00:00') ON CONFLICT DO NOTHING;
INSERT INTO public."km_trajets" ("id", "owner_user_id", "date_trajet", "annee_fiscale", "motif", "type_trajet", "lieu_arrivee", "gite_id", "distance_aller", "aller_retour", "distance_totale", "reservation_id", "auto_genere", "created_at") VALUES ('8139b055-27c2-4ab4-9e0f-bdfe64193caf'::uuid, '12296d3d-696b-4c5d-95b7-e0b3a1dd1814'::uuid, '2026-03-08', 2026, 'Ménage sortie - Couzon', 'menage_sortie', 'Couzon', '655e201e-f0ae-40a1-90d7-1dd7876e5d97'::uuid, 32, TRUE, 64, '68714254-61c7-41b5-95aa-8d9f963ece6a'::uuid, TRUE, '2026-02-16T20:09:28.759703+00:00') ON CONFLICT DO NOTHING;
INSERT INTO public."km_trajets" ("id", "owner_user_id", "date_trajet", "annee_fiscale", "motif", "type_trajet", "lieu_arrivee", "gite_id", "distance_aller", "aller_retour", "distance_totale", "reservation_id", "auto_genere", "created_at") VALUES ('50a149f0-ccb3-4ad0-a075-439df6ce6fb4'::uuid, '12296d3d-696b-4c5d-95b7-e0b3a1dd1814'::uuid, '2026-04-09', 2026, 'Ménage entrée - Trévoux', 'menage_entree', 'Trévoux', '2ee6c0bb-1a6a-4490-85e6-af75a1ff3f03'::uuid, 25, TRUE, 50, '925c41f3-adfe-4573-82f0-fc80f9a5d2d0'::uuid, TRUE, '2026-02-16T20:09:30.329543+00:00') ON CONFLICT DO NOTHING;
INSERT INTO public."km_trajets" ("id", "owner_user_id", "date_trajet", "annee_fiscale", "motif", "type_trajet", "lieu_arrivee", "gite_id", "distance_aller", "aller_retour", "distance_totale", "reservation_id", "auto_genere", "created_at") VALUES ('32e22441-aca2-414e-b646-eef9c6c22d7c'::uuid, '12296d3d-696b-4c5d-95b7-e0b3a1dd1814'::uuid, '2026-04-12', 2026, 'Ménage sortie - Trévoux', 'menage_sortie', 'Trévoux', '2ee6c0bb-1a6a-4490-85e6-af75a1ff3f03'::uuid, 25, TRUE, 50, '925c41f3-adfe-4573-82f0-fc80f9a5d2d0'::uuid, TRUE, '2026-02-16T20:09:30.329543+00:00') ON CONFLICT DO NOTHING;
INSERT INTO public."km_trajets" ("id", "owner_user_id", "date_trajet", "annee_fiscale", "motif", "type_trajet", "lieu_arrivee", "gite_id", "distance_aller", "aller_retour", "distance_totale", "reservation_id", "auto_genere", "created_at") VALUES ('f31d3480-5edd-4c18-8612-594d040cdef0'::uuid, '12296d3d-696b-4c5d-95b7-e0b3a1dd1814'::uuid, '2026-05-13', 2026, 'Ménage entrée - Trévoux', 'menage_entree', 'Trévoux', '2ee6c0bb-1a6a-4490-85e6-af75a1ff3f03'::uuid, 25, TRUE, 50, '56696355-9cb6-4a95-bc45-6022ff118277'::uuid, TRUE, '2026-02-16T20:09:31.862193+00:00') ON CONFLICT DO NOTHING;
INSERT INTO public."km_trajets" ("id", "owner_user_id", "date_trajet", "annee_fiscale", "motif", "type_trajet", "lieu_arrivee", "gite_id", "distance_aller", "aller_retour", "distance_totale", "reservation_id", "auto_genere", "created_at") VALUES ('98c3c7e8-0911-46fe-a1fa-dade0869ffb0'::uuid, '12296d3d-696b-4c5d-95b7-e0b3a1dd1814'::uuid, '2026-05-17', 2026, 'Ménage sortie - Trévoux', 'menage_sortie', 'Trévoux', '2ee6c0bb-1a6a-4490-85e6-af75a1ff3f03'::uuid, 25, TRUE, 50, '56696355-9cb6-4a95-bc45-6022ff118277'::uuid, TRUE, '2026-02-16T20:09:31.862193+00:00') ON CONFLICT DO NOTHING;
INSERT INTO public."km_trajets" ("id", "owner_user_id", "date_trajet", "annee_fiscale", "motif", "type_trajet", "lieu_arrivee", "gite_id", "distance_aller", "aller_retour", "distance_totale", "reservation_id", "auto_genere", "created_at") VALUES ('d0332fcb-9df1-46aa-94b0-2352ccd2026d'::uuid, '12296d3d-696b-4c5d-95b7-e0b3a1dd1814'::uuid, '2026-06-11', 2026, 'Ménage entrée - Trévoux', 'menage_entree', 'Trévoux', '2ee6c0bb-1a6a-4490-85e6-af75a1ff3f03'::uuid, 25, TRUE, 50, 'af65cea0-3994-4f9c-922b-4cbe98e98abd'::uuid, TRUE, '2026-02-16T20:09:33.348497+00:00') ON CONFLICT DO NOTHING;
INSERT INTO public."km_trajets" ("id", "owner_user_id", "date_trajet", "annee_fiscale", "motif", "type_trajet", "lieu_arrivee", "gite_id", "distance_aller", "aller_retour", "distance_totale", "reservation_id", "auto_genere", "created_at") VALUES ('142d7219-01a1-4c9d-b696-cbbabd656322'::uuid, '12296d3d-696b-4c5d-95b7-e0b3a1dd1814'::uuid, '2026-06-14', 2026, 'Ménage sortie - Trévoux', 'menage_sortie', 'Trévoux', '2ee6c0bb-1a6a-4490-85e6-af75a1ff3f03'::uuid, 25, TRUE, 50, 'af65cea0-3994-4f9c-922b-4cbe98e98abd'::uuid, TRUE, '2026-02-16T20:09:33.348497+00:00') ON CONFLICT DO NOTHING;
INSERT INTO public."km_trajets" ("id", "owner_user_id", "date_trajet", "annee_fiscale", "motif", "type_trajet", "lieu_arrivee", "gite_id", "distance_aller", "aller_retour", "distance_totale", "reservation_id", "auto_genere", "created_at") VALUES ('564533f1-fa32-421f-af38-78f70e59d3c1'::uuid, '12296d3d-696b-4c5d-95b7-e0b3a1dd1814'::uuid, '2026-11-26', 2026, 'Ménage entrée - Trévoux', 'menage_entree', 'Trévoux', '2ee6c0bb-1a6a-4490-85e6-af75a1ff3f03'::uuid, 25, TRUE, 50, 'f2a23858-f2cb-48d4-ae4a-2a503d3c70a6'::uuid, TRUE, '2026-02-16T20:09:34.93865+00:00') ON CONFLICT DO NOTHING;
INSERT INTO public."km_trajets" ("id", "owner_user_id", "date_trajet", "annee_fiscale", "motif", "type_trajet", "lieu_arrivee", "gite_id", "distance_aller", "aller_retour", "distance_totale", "reservation_id", "auto_genere", "created_at") VALUES ('42ae051f-d57c-4625-8910-8ecd3669b9db'::uuid, '12296d3d-696b-4c5d-95b7-e0b3a1dd1814'::uuid, '2026-11-29', 2026, 'Ménage sortie - Trévoux', 'menage_sortie', 'Trévoux', '2ee6c0bb-1a6a-4490-85e6-af75a1ff3f03'::uuid, 25, TRUE, 50, 'f2a23858-f2cb-48d4-ae4a-2a503d3c70a6'::uuid, TRUE, '2026-02-16T20:09:34.93865+00:00') ON CONFLICT DO NOTHING;
INSERT INTO public."km_trajets" ("id", "owner_user_id", "date_trajet", "annee_fiscale", "motif", "type_trajet", "lieu_arrivee", "gite_id", "distance_aller", "aller_retour", "distance_totale", "reservation_id", "auto_genere", "created_at") VALUES ('4837a2e9-7f3f-4558-9f38-7f7f8ffdcacd'::uuid, '12296d3d-696b-4c5d-95b7-e0b3a1dd1814'::uuid, '2026-03-12', 2026, 'Ménage entrée - Trévoux', 'menage_entree', 'Trévoux', '2ee6c0bb-1a6a-4490-85e6-af75a1ff3f03'::uuid, 25, TRUE, 50, 'f07487c3-9738-4cce-bcd9-f6ffcb2983ff'::uuid, TRUE, '2026-02-16T20:09:28.980729+00:00') ON CONFLICT DO NOTHING;
INSERT INTO public."km_trajets" ("id", "owner_user_id", "date_trajet", "annee_fiscale", "motif", "type_trajet", "lieu_arrivee", "gite_id", "distance_aller", "aller_retour", "distance_totale", "reservation_id", "auto_genere", "created_at") VALUES ('8ab6a178-244f-43ba-aa36-aa5c3c5ff0e6'::uuid, '12296d3d-696b-4c5d-95b7-e0b3a1dd1814'::uuid, '2026-03-15', 2026, 'Ménage sortie - Trévoux', 'menage_sortie', 'Trévoux', '2ee6c0bb-1a6a-4490-85e6-af75a1ff3f03'::uuid, 25, TRUE, 50, 'f07487c3-9738-4cce-bcd9-f6ffcb2983ff'::uuid, TRUE, '2026-02-16T20:09:28.980729+00:00') ON CONFLICT DO NOTHING;
INSERT INTO public."km_trajets" ("id", "owner_user_id", "date_trajet", "annee_fiscale", "motif", "type_trajet", "lieu_arrivee", "gite_id", "distance_aller", "aller_retour", "distance_totale", "reservation_id", "auto_genere", "created_at") VALUES ('efc7925c-1897-4bb2-981a-922d5ffaa3c6'::uuid, '12296d3d-696b-4c5d-95b7-e0b3a1dd1814'::uuid, '2026-04-12', 2026, 'Ménage entrée - Trévoux', 'menage_entree', 'Trévoux', '2ee6c0bb-1a6a-4490-85e6-af75a1ff3f03'::uuid, 25, TRUE, 50, '0ade01bc-9459-429a-b0f4-f5c2bd5eab17'::uuid, TRUE, '2026-02-16T20:09:30.556057+00:00') ON CONFLICT DO NOTHING;
INSERT INTO public."km_trajets" ("id", "owner_user_id", "date_trajet", "annee_fiscale", "motif", "type_trajet", "lieu_arrivee", "gite_id", "distance_aller", "aller_retour", "distance_totale", "reservation_id", "auto_genere", "created_at") VALUES ('7cb1b867-24a3-4da8-ad5a-c1256eebd537'::uuid, '12296d3d-696b-4c5d-95b7-e0b3a1dd1814'::uuid, '2026-04-17', 2026, 'Ménage sortie - Trévoux', 'menage_sortie', 'Trévoux', '2ee6c0bb-1a6a-4490-85e6-af75a1ff3f03'::uuid, 25, TRUE, 50, '0ade01bc-9459-429a-b0f4-f5c2bd5eab17'::uuid, TRUE, '2026-02-16T20:09:30.556057+00:00') ON CONFLICT DO NOTHING;
INSERT INTO public."km_trajets" ("id", "owner_user_id", "date_trajet", "annee_fiscale", "motif", "type_trajet", "lieu_arrivee", "gite_id", "distance_aller", "aller_retour", "distance_totale", "reservation_id", "auto_genere", "created_at") VALUES ('739d5950-7311-417c-96f3-6807fa580c4d'::uuid, '12296d3d-696b-4c5d-95b7-e0b3a1dd1814'::uuid, '2026-05-13', 2026, 'Ménage entrée - Couzon', 'menage_entree', 'Couzon', '655e201e-f0ae-40a1-90d7-1dd7876e5d97'::uuid, 32, TRUE, 64, 'dc2a6231-6436-4b97-babb-b05d25977130'::uuid, TRUE, '2026-02-16T20:09:32.075666+00:00') ON CONFLICT DO NOTHING;
INSERT INTO public."km_trajets" ("id", "owner_user_id", "date_trajet", "annee_fiscale", "motif", "type_trajet", "lieu_arrivee", "gite_id", "distance_aller", "aller_retour", "distance_totale", "reservation_id", "auto_genere", "created_at") VALUES ('1e182afc-8886-4cda-bbe7-04b1f784284a'::uuid, '12296d3d-696b-4c5d-95b7-e0b3a1dd1814'::uuid, '2026-05-17', 2026, 'Ménage sortie - Couzon', 'menage_sortie', 'Couzon', '655e201e-f0ae-40a1-90d7-1dd7876e5d97'::uuid, 32, TRUE, 64, 'dc2a6231-6436-4b97-babb-b05d25977130'::uuid, TRUE, '2026-02-16T20:09:32.075666+00:00') ON CONFLICT DO NOTHING;
INSERT INTO public."km_trajets" ("id", "owner_user_id", "date_trajet", "annee_fiscale", "motif", "type_trajet", "lieu_arrivee", "gite_id", "distance_aller", "aller_retour", "distance_totale", "reservation_id", "auto_genere", "created_at") VALUES ('438c980c-2c8e-411b-a5a1-5af8b6dfe93b'::uuid, '12296d3d-696b-4c5d-95b7-e0b3a1dd1814'::uuid, '2026-07-09', 2026, 'Ménage entrée - Trévoux', 'menage_entree', 'Trévoux', '2ee6c0bb-1a6a-4490-85e6-af75a1ff3f03'::uuid, 25, TRUE, 50, '523e5311-e632-4706-a5f5-f4577c0277dd'::uuid, TRUE, '2026-02-16T20:09:33.567898+00:00') ON CONFLICT DO NOTHING;
INSERT INTO public."km_trajets" ("id", "owner_user_id", "date_trajet", "annee_fiscale", "motif", "type_trajet", "lieu_arrivee", "gite_id", "distance_aller", "aller_retour", "distance_totale", "reservation_id", "auto_genere", "created_at") VALUES ('8ca55544-9482-4fad-8af1-505f4b6943a0'::uuid, '12296d3d-696b-4c5d-95b7-e0b3a1dd1814'::uuid, '2026-07-12', 2026, 'Ménage sortie - Trévoux', 'menage_sortie', 'Trévoux', '2ee6c0bb-1a6a-4490-85e6-af75a1ff3f03'::uuid, 25, TRUE, 50, '523e5311-e632-4706-a5f5-f4577c0277dd'::uuid, TRUE, '2026-02-16T20:09:33.567898+00:00') ON CONFLICT DO NOTHING;
INSERT INTO public."km_trajets" ("id", "owner_user_id", "date_trajet", "annee_fiscale", "motif", "type_trajet", "lieu_arrivee", "gite_id", "distance_aller", "aller_retour", "distance_totale", "reservation_id", "auto_genere", "created_at") VALUES ('86fed894-3acd-4db4-954b-33db07891d2a'::uuid, '12296d3d-696b-4c5d-95b7-e0b3a1dd1814'::uuid, '2026-12-21', 2026, 'Ménage entrée - Trévoux', 'menage_entree', 'Trévoux', '2ee6c0bb-1a6a-4490-85e6-af75a1ff3f03'::uuid, 25, TRUE, 50, '19fa1075-82d8-45e8-ac6f-e1a5cf79909f'::uuid, TRUE, '2026-02-16T20:09:35.164534+00:00') ON CONFLICT DO NOTHING;
INSERT INTO public."km_trajets" ("id", "owner_user_id", "date_trajet", "annee_fiscale", "motif", "type_trajet", "lieu_arrivee", "gite_id", "distance_aller", "aller_retour", "distance_totale", "reservation_id", "auto_genere", "created_at") VALUES ('3a77e253-8c76-4bcf-aa09-c86fd10ca574'::uuid, '12296d3d-696b-4c5d-95b7-e0b3a1dd1814'::uuid, '2026-12-26', 2026, 'Ménage sortie - Trévoux', 'menage_sortie', 'Trévoux', '2ee6c0bb-1a6a-4490-85e6-af75a1ff3f03'::uuid, 25, TRUE, 50, '19fa1075-82d8-45e8-ac6f-e1a5cf79909f'::uuid, TRUE, '2026-02-16T20:09:35.164534+00:00') ON CONFLICT DO NOTHING;
INSERT INTO public."km_trajets" ("id", "owner_user_id", "date_trajet", "annee_fiscale", "motif", "type_trajet", "lieu_arrivee", "gite_id", "distance_aller", "aller_retour", "distance_totale", "reservation_id", "auto_genere", "created_at") VALUES ('28209846-d865-4b79-a499-12f574baea47'::uuid, '12296d3d-696b-4c5d-95b7-e0b3a1dd1814'::uuid, '2026-03-12', 2026, 'Ménage entrée - Couzon', 'menage_entree', 'Couzon', '655e201e-f0ae-40a1-90d7-1dd7876e5d97'::uuid, 32, TRUE, 64, '4830264d-81c1-47b2-83fe-7543e28c0bfe'::uuid, TRUE, '2026-02-16T20:09:29.226899+00:00') ON CONFLICT DO NOTHING;
INSERT INTO public."km_trajets" ("id", "owner_user_id", "date_trajet", "annee_fiscale", "motif", "type_trajet", "lieu_arrivee", "gite_id", "distance_aller", "aller_retour", "distance_totale", "reservation_id", "auto_genere", "created_at") VALUES ('24f8b4ca-d38b-43fe-9af0-44e3c7266c6e'::uuid, '12296d3d-696b-4c5d-95b7-e0b3a1dd1814'::uuid, '2026-03-15', 2026, 'Ménage sortie - Couzon', 'menage_sortie', 'Couzon', '655e201e-f0ae-40a1-90d7-1dd7876e5d97'::uuid, 32, TRUE, 64, '4830264d-81c1-47b2-83fe-7543e28c0bfe'::uuid, TRUE, '2026-02-16T20:09:29.226899+00:00') ON CONFLICT DO NOTHING;
INSERT INTO public."km_trajets" ("id", "owner_user_id", "date_trajet", "annee_fiscale", "motif", "type_trajet", "lieu_arrivee", "gite_id", "distance_aller", "aller_retour", "distance_totale", "reservation_id", "auto_genere", "created_at") VALUES ('a43f2276-a4ce-4bcf-86a2-98bcfc7e7c35'::uuid, '12296d3d-696b-4c5d-95b7-e0b3a1dd1814'::uuid, '2026-04-19', 2026, 'Ménage entrée - Trévoux', 'menage_entree', 'Trévoux', '2ee6c0bb-1a6a-4490-85e6-af75a1ff3f03'::uuid, 25, TRUE, 50, '177374a0-9dde-432e-a8e9-bb8d2f9ad108'::uuid, TRUE, '2026-02-16T20:09:30.780933+00:00') ON CONFLICT DO NOTHING;
INSERT INTO public."km_trajets" ("id", "owner_user_id", "date_trajet", "annee_fiscale", "motif", "type_trajet", "lieu_arrivee", "gite_id", "distance_aller", "aller_retour", "distance_totale", "reservation_id", "auto_genere", "created_at") VALUES ('47eb519e-ff73-46d1-9ba2-ff86661a546b'::uuid, '12296d3d-696b-4c5d-95b7-e0b3a1dd1814'::uuid, '2026-04-24', 2026, 'Ménage sortie - Trévoux', 'menage_sortie', 'Trévoux', '2ee6c0bb-1a6a-4490-85e6-af75a1ff3f03'::uuid, 25, TRUE, 50, '177374a0-9dde-432e-a8e9-bb8d2f9ad108'::uuid, TRUE, '2026-02-16T20:09:30.780933+00:00') ON CONFLICT DO NOTHING;
INSERT INTO public."km_trajets" ("id", "owner_user_id", "date_trajet", "annee_fiscale", "motif", "type_trajet", "lieu_arrivee", "gite_id", "distance_aller", "aller_retour", "distance_totale", "reservation_id", "auto_genere", "created_at") VALUES ('0207647a-2e71-4ddd-8bb5-b90bbafb4d93'::uuid, '12296d3d-696b-4c5d-95b7-e0b3a1dd1814'::uuid, '2026-05-21', 2026, 'Ménage entrée - Trévoux', 'menage_entree', 'Trévoux', '2ee6c0bb-1a6a-4490-85e6-af75a1ff3f03'::uuid, 25, TRUE, 50, '0903a12d-f615-4ae6-a60f-4c70018b0b0d'::uuid, TRUE, '2026-02-16T20:09:32.291323+00:00') ON CONFLICT DO NOTHING;
INSERT INTO public."km_trajets" ("id", "owner_user_id", "date_trajet", "annee_fiscale", "motif", "type_trajet", "lieu_arrivee", "gite_id", "distance_aller", "aller_retour", "distance_totale", "reservation_id", "auto_genere", "created_at") VALUES ('e091190b-d868-46f7-a519-b1fe3d3341d6'::uuid, '12296d3d-696b-4c5d-95b7-e0b3a1dd1814'::uuid, '2026-05-25', 2026, 'Ménage sortie - Trévoux', 'menage_sortie', 'Trévoux', '2ee6c0bb-1a6a-4490-85e6-af75a1ff3f03'::uuid, 25, TRUE, 50, '0903a12d-f615-4ae6-a60f-4c70018b0b0d'::uuid, TRUE, '2026-02-16T20:09:32.291323+00:00') ON CONFLICT DO NOTHING;
INSERT INTO public."km_trajets" ("id", "owner_user_id", "date_trajet", "annee_fiscale", "motif", "type_trajet", "lieu_arrivee", "gite_id", "distance_aller", "aller_retour", "distance_totale", "reservation_id", "auto_genere", "created_at") VALUES ('a7e98de4-cc41-46ea-afc1-c7e408bd604c'::uuid, '12296d3d-696b-4c5d-95b7-e0b3a1dd1814'::uuid, '2026-07-11', 2026, 'Ménage entrée - Trévoux', 'menage_entree', 'Trévoux', '2ee6c0bb-1a6a-4490-85e6-af75a1ff3f03'::uuid, 25, TRUE, 50, 'e67cf176-7bfa-4eed-adf6-55f696287f22'::uuid, TRUE, '2026-02-16T20:09:33.802787+00:00') ON CONFLICT DO NOTHING;
INSERT INTO public."km_trajets" ("id", "owner_user_id", "date_trajet", "annee_fiscale", "motif", "type_trajet", "lieu_arrivee", "gite_id", "distance_aller", "aller_retour", "distance_totale", "reservation_id", "auto_genere", "created_at") VALUES ('b9ae0da5-3fb4-4c85-b4ed-22424ed0b9e3'::uuid, '12296d3d-696b-4c5d-95b7-e0b3a1dd1814'::uuid, '2026-07-15', 2026, 'Ménage sortie - Trévoux', 'menage_sortie', 'Trévoux', '2ee6c0bb-1a6a-4490-85e6-af75a1ff3f03'::uuid, 25, TRUE, 50, 'e67cf176-7bfa-4eed-adf6-55f696287f22'::uuid, TRUE, '2026-02-16T20:09:33.802787+00:00') ON CONFLICT DO NOTHING;
INSERT INTO public."km_trajets" ("id", "owner_user_id", "date_trajet", "annee_fiscale", "motif", "type_trajet", "lieu_arrivee", "gite_id", "distance_aller", "aller_retour", "distance_totale", "reservation_id", "auto_genere", "created_at") VALUES ('4fa78eb5-77a8-4177-bb08-e50ae2d050b7'::uuid, '12296d3d-696b-4c5d-95b7-e0b3a1dd1814'::uuid, '2026-03-15', 2026, 'Ménage entrée - Trévoux', 'menage_entree', 'Trévoux', '2ee6c0bb-1a6a-4490-85e6-af75a1ff3f03'::uuid, 25, TRUE, 50, '339d619e-c83b-418f-a740-3fa97289e93d'::uuid, TRUE, '2026-02-16T20:09:29.458435+00:00') ON CONFLICT DO NOTHING;
INSERT INTO public."km_trajets" ("id", "owner_user_id", "date_trajet", "annee_fiscale", "motif", "type_trajet", "lieu_arrivee", "gite_id", "distance_aller", "aller_retour", "distance_totale", "reservation_id", "auto_genere", "created_at") VALUES ('c39ca290-823a-4bb5-ba7d-165a4fdcc9da'::uuid, '12296d3d-696b-4c5d-95b7-e0b3a1dd1814'::uuid, '2026-03-20', 2026, 'Ménage sortie - Trévoux', 'menage_sortie', 'Trévoux', '2ee6c0bb-1a6a-4490-85e6-af75a1ff3f03'::uuid, 25, TRUE, 50, '339d619e-c83b-418f-a740-3fa97289e93d'::uuid, TRUE, '2026-02-16T20:09:29.458435+00:00') ON CONFLICT DO NOTHING;
INSERT INTO public."km_trajets" ("id", "owner_user_id", "date_trajet", "annee_fiscale", "motif", "type_trajet", "lieu_arrivee", "gite_id", "distance_aller", "aller_retour", "distance_totale", "reservation_id", "auto_genere", "created_at") VALUES ('a2940f8c-94f9-4133-980a-9214ade1dfba'::uuid, '12296d3d-696b-4c5d-95b7-e0b3a1dd1814'::uuid, '2026-04-23', 2026, 'Ménage entrée - Trévoux', 'menage_entree', 'Trévoux', '2ee6c0bb-1a6a-4490-85e6-af75a1ff3f03'::uuid, 25, TRUE, 50, 'cdc13861-4d9c-4f1f-8897-f00e68004b06'::uuid, TRUE, '2026-02-16T20:09:30.991062+00:00') ON CONFLICT DO NOTHING;
INSERT INTO public."km_trajets" ("id", "owner_user_id", "date_trajet", "annee_fiscale", "motif", "type_trajet", "lieu_arrivee", "gite_id", "distance_aller", "aller_retour", "distance_totale", "reservation_id", "auto_genere", "created_at") VALUES ('73b376a9-35d0-464e-abaa-988820bccaf1'::uuid, '12296d3d-696b-4c5d-95b7-e0b3a1dd1814'::uuid, '2026-04-27', 2026, 'Ménage sortie - Trévoux', 'menage_sortie', 'Trévoux', '2ee6c0bb-1a6a-4490-85e6-af75a1ff3f03'::uuid, 25, TRUE, 50, 'cdc13861-4d9c-4f1f-8897-f00e68004b06'::uuid, TRUE, '2026-02-16T20:09:30.991062+00:00') ON CONFLICT DO NOTHING;
INSERT INTO public."km_trajets" ("id", "owner_user_id", "date_trajet", "annee_fiscale", "motif", "type_trajet", "lieu_arrivee", "gite_id", "distance_aller", "aller_retour", "distance_totale", "reservation_id", "auto_genere", "created_at") VALUES ('91e09e38-3aa5-4bb9-b9ac-bf63d0323fdb'::uuid, '12296d3d-696b-4c5d-95b7-e0b3a1dd1814'::uuid, '2026-05-21', 2026, 'Ménage entrée - Couzon', 'menage_entree', 'Couzon', '655e201e-f0ae-40a1-90d7-1dd7876e5d97'::uuid, 32, TRUE, 64, '4d3da103-dcc0-4092-84d0-83032b3c9c4d'::uuid, TRUE, '2026-02-16T20:09:32.496883+00:00') ON CONFLICT DO NOTHING;
INSERT INTO public."km_trajets" ("id", "owner_user_id", "date_trajet", "annee_fiscale", "motif", "type_trajet", "lieu_arrivee", "gite_id", "distance_aller", "aller_retour", "distance_totale", "reservation_id", "auto_genere", "created_at") VALUES ('4fb014dd-cd31-4d1a-96b0-e2350890d2fb'::uuid, '12296d3d-696b-4c5d-95b7-e0b3a1dd1814'::uuid, '2026-05-24', 2026, 'Ménage sortie - Couzon', 'menage_sortie', 'Couzon', '655e201e-f0ae-40a1-90d7-1dd7876e5d97'::uuid, 32, TRUE, 64, '4d3da103-dcc0-4092-84d0-83032b3c9c4d'::uuid, TRUE, '2026-02-16T20:09:32.496883+00:00') ON CONFLICT DO NOTHING;
INSERT INTO public."km_trajets" ("id", "owner_user_id", "date_trajet", "annee_fiscale", "motif", "type_trajet", "lieu_arrivee", "gite_id", "distance_aller", "aller_retour", "distance_totale", "reservation_id", "auto_genere", "created_at") VALUES ('b06fde4a-82f2-4afc-8bf7-369180f6b863'::uuid, '12296d3d-696b-4c5d-95b7-e0b3a1dd1814'::uuid, '2026-07-17', 2026, 'Ménage entrée - Couzon', 'menage_entree', 'Couzon', '655e201e-f0ae-40a1-90d7-1dd7876e5d97'::uuid, 32, TRUE, 64, 'c50197ea-5c76-424e-8c7c-f9d9ed237a94'::uuid, TRUE, '2026-02-16T20:09:34.023468+00:00') ON CONFLICT DO NOTHING;
INSERT INTO public."km_trajets" ("id", "owner_user_id", "date_trajet", "annee_fiscale", "motif", "type_trajet", "lieu_arrivee", "gite_id", "distance_aller", "aller_retour", "distance_totale", "reservation_id", "auto_genere", "created_at") VALUES ('d4684390-9294-4be1-ad8d-b4a625563d41'::uuid, '12296d3d-696b-4c5d-95b7-e0b3a1dd1814'::uuid, '2026-07-25', 2026, 'Ménage sortie - Couzon', 'menage_sortie', 'Couzon', '655e201e-f0ae-40a1-90d7-1dd7876e5d97'::uuid, 32, TRUE, 64, 'c50197ea-5c76-424e-8c7c-f9d9ed237a94'::uuid, TRUE, '2026-02-16T20:09:34.023468+00:00') ON CONFLICT DO NOTHING;
INSERT INTO public."km_trajets" ("id", "owner_user_id", "date_trajet", "annee_fiscale", "motif", "type_trajet", "lieu_arrivee", "gite_id", "distance_aller", "aller_retour", "distance_totale", "reservation_id", "auto_genere", "created_at") VALUES ('b466df0e-07f2-4320-b33c-4f51ee904b05'::uuid, '12296d3d-696b-4c5d-95b7-e0b3a1dd1814'::uuid, '2026-04-02', 2026, 'Ménage entrée - Couzon', 'menage_entree', 'Couzon', '655e201e-f0ae-40a1-90d7-1dd7876e5d97'::uuid, 32, TRUE, 64, '3d2cc4f9-2648-4a7f-8fbf-9862fd6b446d'::uuid, TRUE, '2026-02-16T20:09:29.682601+00:00') ON CONFLICT DO NOTHING;
INSERT INTO public."km_trajets" ("id", "owner_user_id", "date_trajet", "annee_fiscale", "motif", "type_trajet", "lieu_arrivee", "gite_id", "distance_aller", "aller_retour", "distance_totale", "reservation_id", "auto_genere", "created_at") VALUES ('345c8657-769d-44b9-9ca0-fe5ecca7c440'::uuid, '12296d3d-696b-4c5d-95b7-e0b3a1dd1814'::uuid, '2026-04-06', 2026, 'Ménage sortie - Couzon', 'menage_sortie', 'Couzon', '655e201e-f0ae-40a1-90d7-1dd7876e5d97'::uuid, 32, TRUE, 64, '3d2cc4f9-2648-4a7f-8fbf-9862fd6b446d'::uuid, TRUE, '2026-02-16T20:09:29.682601+00:00') ON CONFLICT DO NOTHING;
INSERT INTO public."km_trajets" ("id", "owner_user_id", "date_trajet", "annee_fiscale", "motif", "type_trajet", "lieu_arrivee", "gite_id", "distance_aller", "aller_retour", "distance_totale", "reservation_id", "auto_genere", "created_at") VALUES ('0c43d5d3-b542-4a77-87c8-b5587f72c3e7'::uuid, '12296d3d-696b-4c5d-95b7-e0b3a1dd1814'::uuid, '2026-04-30', 2026, 'Ménage entrée - Trévoux', 'menage_entree', 'Trévoux', '2ee6c0bb-1a6a-4490-85e6-af75a1ff3f03'::uuid, 25, TRUE, 50, '9a112845-5060-4301-9797-fc50e475aefd'::uuid, TRUE, '2026-02-16T20:09:31.22284+00:00') ON CONFLICT DO NOTHING;
INSERT INTO public."km_trajets" ("id", "owner_user_id", "date_trajet", "annee_fiscale", "motif", "type_trajet", "lieu_arrivee", "gite_id", "distance_aller", "aller_retour", "distance_totale", "reservation_id", "auto_genere", "created_at") VALUES ('2488f12e-7499-4c17-a84c-66628d8d4e9d'::uuid, '12296d3d-696b-4c5d-95b7-e0b3a1dd1814'::uuid, '2026-05-03', 2026, 'Ménage sortie - Trévoux', 'menage_sortie', 'Trévoux', '2ee6c0bb-1a6a-4490-85e6-af75a1ff3f03'::uuid, 25, TRUE, 50, '9a112845-5060-4301-9797-fc50e475aefd'::uuid, TRUE, '2026-02-16T20:09:31.22284+00:00') ON CONFLICT DO NOTHING;
INSERT INTO public."km_trajets" ("id", "owner_user_id", "date_trajet", "annee_fiscale", "motif", "type_trajet", "lieu_arrivee", "gite_id", "distance_aller", "aller_retour", "distance_totale", "reservation_id", "auto_genere", "created_at") VALUES ('e55e4124-f316-4625-a140-ebe46a6d7741'::uuid, '12296d3d-696b-4c5d-95b7-e0b3a1dd1814'::uuid, '2026-05-28', 2026, 'Ménage entrée - Trévoux', 'menage_entree', 'Trévoux', '2ee6c0bb-1a6a-4490-85e6-af75a1ff3f03'::uuid, 25, TRUE, 50, 'c3366459-7799-4d0f-b228-3fc7f6e13454'::uuid, TRUE, '2026-02-16T20:09:32.694315+00:00') ON CONFLICT DO NOTHING;
INSERT INTO public."km_trajets" ("id", "owner_user_id", "date_trajet", "annee_fiscale", "motif", "type_trajet", "lieu_arrivee", "gite_id", "distance_aller", "aller_retour", "distance_totale", "reservation_id", "auto_genere", "created_at") VALUES ('0487df3d-d1d3-4a17-8877-de77f1552beb'::uuid, '12296d3d-696b-4c5d-95b7-e0b3a1dd1814'::uuid, '2026-05-31', 2026, 'Ménage sortie - Trévoux', 'menage_sortie', 'Trévoux', '2ee6c0bb-1a6a-4490-85e6-af75a1ff3f03'::uuid, 25, TRUE, 50, 'c3366459-7799-4d0f-b228-3fc7f6e13454'::uuid, TRUE, '2026-02-16T20:09:32.694315+00:00') ON CONFLICT DO NOTHING;
INSERT INTO public."km_trajets" ("id", "owner_user_id", "date_trajet", "annee_fiscale", "motif", "type_trajet", "lieu_arrivee", "gite_id", "distance_aller", "aller_retour", "distance_totale", "reservation_id", "auto_genere", "created_at") VALUES ('c7f164e5-2587-4095-91de-28238ff72022'::uuid, '12296d3d-696b-4c5d-95b7-e0b3a1dd1814'::uuid, '2026-08-02', 2026, 'Ménage entrée - Trévoux', 'menage_entree', 'Trévoux', '2ee6c0bb-1a6a-4490-85e6-af75a1ff3f03'::uuid, 25, TRUE, 50, '2c91c226-c348-4cec-b549-1756d638ffda'::uuid, TRUE, '2026-02-16T20:09:34.246125+00:00') ON CONFLICT DO NOTHING;
INSERT INTO public."km_trajets" ("id", "owner_user_id", "date_trajet", "annee_fiscale", "motif", "type_trajet", "lieu_arrivee", "gite_id", "distance_aller", "aller_retour", "distance_totale", "reservation_id", "auto_genere", "created_at") VALUES ('a15fa941-e832-4f56-98e1-1e9cfab77ea4'::uuid, '12296d3d-696b-4c5d-95b7-e0b3a1dd1814'::uuid, '2026-08-08', 2026, 'Ménage sortie - Trévoux', 'menage_sortie', 'Trévoux', '2ee6c0bb-1a6a-4490-85e6-af75a1ff3f03'::uuid, 25, TRUE, 50, '2c91c226-c348-4cec-b549-1756d638ffda'::uuid, TRUE, '2026-02-16T20:09:34.246125+00:00') ON CONFLICT DO NOTHING;
INSERT INTO public."km_lieux_favoris" ("id", "owner_user_id", "nom", "type_lieu", "distance_km", "adresse", "created_at") VALUES ('4e4e41cc-8acc-4181-afc6-b0993f74730b'::uuid, '12296d3d-696b-4c5d-95b7-e0b3a1dd1814'::uuid, 'REDACTED', 'magasin', 24, NULL, '2026-01-19T12:54:24.540494+00:00') ON CONFLICT DO NOTHING;
INSERT INTO public."km_lieux_favoris" ("id", "owner_user_id", "nom", "type_lieu", "distance_km", "adresse", "created_at") VALUES ('638c2592-df00-4c41-b118-919d43956a72'::uuid, '12296d3d-696b-4c5d-95b7-e0b3a1dd1814'::uuid, 'REDACTED', 'magasin', 7, NULL, '2026-01-22T20:04:12.539331+00:00') ON CONFLICT DO NOTHING;
INSERT INTO public."user_roles" ("id", "user_id", "role", "created_at", "updated_at") VALUES ('db4c9b6f-b620-4746-951a-12a231396695'::uuid, '12296d3d-696b-4c5d-95b7-e0b3a1dd1814'::uuid, 'admin', '2026-01-29T22:20:07.62884+00:00', '2026-01-29T22:20:07.62884+00:00') ON CONFLICT DO NOTHING;
INSERT INTO public."cm_clients" ("id", "created_at", "updated_at", "onboarding_completed", "preferences", "email") VALUES ('9ef5507e-4a41-4ca2-82a9-55a5a43b09ed'::uuid, '2026-01-30T08:55:03.36796+00:00', '2026-03-05T15:52:18.088424+00:00', FALSE, '{"style":"apple","theme":"light","ficheClientTheme":"cyan"}'::jsonb, 'REDACTED') ON CONFLICT DO NOTHING;
INSERT INTO public."cm_support_tickets" ("id", "client_id", "description", "assigned_to", "created_at", "updated_at", "resolved_at", "closed_at", "error_signature", "error_id", "source", "resolution", "metadata", "title") VALUES ('eece5c43-c912-429f-b31b-eab5f67aa04c'::uuid, '9ef5507e-4a41-4ca2-82a9-55a5a43b09ed'::uuid, 'j''ai un problème pour entrer mon ical', NULL, '2026-02-18T22:03:45.275913+00:00', '2026-02-18T22:06:57.78481+00:00', '2026-02-18T22:06:58.107+00:00', NULL, NULL, NULL, 'manual', NULL, NULL, 'REDACTED') ON CONFLICT DO NOTHING;
INSERT INTO public."cm_support_tickets" ("id", "client_id", "description", "assigned_to", "created_at", "updated_at", "resolved_at", "closed_at", "error_signature", "error_id", "source", "resolution", "metadata", "title") VALUES ('8a1954c3-d5cc-432e-9d37-23e037dc09d1'::uuid, '9ef5507e-4a41-4ca2-82a9-55a5a43b09ed'::uuid, 'Bonjour,

Je constate un comportement incohérent sur l’interface admin :

Le dashboard affiche “Support IA indisponible”
Pourtant la clé OpenAI est bien configurée en environnement
Le statut semblait varier selon les déploiements', NULL, '2026-02-18T21:03:13.187334+00:00', '2026-02-18T21:19:20.842295+00:00', '2026-02-18T21:19:21.218+00:00', NULL, NULL, NULL, 'manual', NULL, NULL, 'REDACTED') ON CONFLICT DO NOTHING;
INSERT INTO public."cm_support_tickets" ("id", "client_id", "description", "assigned_to", "created_at", "updated_at", "resolved_at", "closed_at", "error_signature", "error_id", "source", "resolution", "metadata", "title") VALUES ('a65bbced-03aa-41b0-b6a0-59373d492b26'::uuid, '9ef5507e-4a41-4ca2-82a9-55a5a43b09ed'::uuid, 'TEST SUPPORT LULU NICO', NULL, '2026-02-21T21:32:20.138116+00:00', '2026-02-22T17:49:20.001556+00:00', '2026-02-22T17:49:19.976+00:00', NULL, NULL, NULL, 'manual', NULL, NULL, 'REDACTED') ON CONFLICT DO NOTHING;
INSERT INTO public."cm_promotions" ("id", "code", "description", "created_at", "updated_at") VALUES ('7c2c0b13-9dbd-42ca-9576-670b787e01d5'::uuid, 'WINTER2026', '2 mois offerts pour tout abonnement annuel', '2026-01-30T08:23:36.487977+00:00', '2026-02-23T21:32:44.865918+00:00') ON CONFLICT DO NOTHING;
INSERT INTO public."cm_promotions" ("id", "code", "description", "created_at", "updated_at") VALUES ('7da747ca-a1cd-4d39-9cdd-64c2a5088fc6'::uuid, 'UPGRADE20', '20% de réduction sur upgrade Pro ou Premium', '2026-01-30T08:23:36.487977+00:00', '2026-02-23T21:32:48.596326+00:00') ON CONFLICT DO NOTHING;
INSERT INTO public."linen_stocks" ("id", "owner_user_id", "gite_id", "draps_plats_grands", "draps_plats_petits", "housses_couettes_grandes", "housses_couettes_petites", "taies_oreillers", "serviettes", "tapis_bain", "updated_at") VALUES ('e0bde8ce-5cde-4b18-b929-1f924fb6259a'::uuid, '12296d3d-696b-4c5d-95b7-e0b3a1dd1814'::uuid, '655e201e-f0ae-40a1-90d7-1dd7876e5d97'::uuid, 10, 5, 10, 5, 30, 20, 10, '2026-01-14T14:17:47.184+00:00') ON CONFLICT DO NOTHING;
INSERT INTO public."linen_stocks" ("id", "owner_user_id", "gite_id", "draps_plats_grands", "draps_plats_petits", "housses_couettes_grandes", "housses_couettes_petites", "taies_oreillers", "serviettes", "tapis_bain", "updated_at") VALUES ('33638fd5-ab4a-4c3b-89b7-f65ba1718ad7'::uuid, '12296d3d-696b-4c5d-95b7-e0b3a1dd1814'::uuid, '5e3af1b2-f344-4f1e-90cb-6b999f87393a'::uuid, 0, 0, 0, 0, 0, 0, 0, '2026-01-14T14:17:47.244+00:00') ON CONFLICT DO NOTHING;
INSERT INTO public."linen_stocks" ("id", "owner_user_id", "gite_id", "draps_plats_grands", "draps_plats_petits", "housses_couettes_grandes", "housses_couettes_petites", "taies_oreillers", "serviettes", "tapis_bain", "updated_at") VALUES ('b59728e5-18ca-49b2-83bc-24034d6e540e'::uuid, '12296d3d-696b-4c5d-95b7-e0b3a1dd1814'::uuid, '48fb1581-aba1-4793-ad55-deb22e11b25c'::uuid, 0, 0, 0, 0, 0, 0, 0, '2026-01-14T14:17:47.305+00:00') ON CONFLICT DO NOTHING;
INSERT INTO public."linen_stocks" ("id", "owner_user_id", "gite_id", "draps_plats_grands", "draps_plats_petits", "housses_couettes_grandes", "housses_couettes_petites", "taies_oreillers", "serviettes", "tapis_bain", "updated_at") VALUES ('587849e7-cee2-46db-8b31-4ef198ba6c00'::uuid, '12296d3d-696b-4c5d-95b7-e0b3a1dd1814'::uuid, '2ee6c0bb-1a6a-4490-85e6-af75a1ff3f03'::uuid, 21, 20, 40, 15, 100, 30, 15, '2026-01-15T13:51:52.833+00:00') ON CONFLICT DO NOTHING;
INSERT INTO public."cm_ai_content_queue" ("id", "created_at") VALUES ('fd077ca2-ba05-4094-833f-68ffa7916bba'::uuid, '2026-02-01T22:54:45.980766+00:00') ON CONFLICT DO NOTHING;
INSERT INTO public."cm_ai_content_queue" ("id", "created_at") VALUES ('46108f9e-8e25-4fc2-8f3d-95c13c49b903'::uuid, '2026-02-01T22:57:49.676973+00:00') ON CONFLICT DO NOTHING;
INSERT INTO public."shopping_list_items" ("id", "list_id", "is_checked", "notes", "created_at", "name") VALUES ('1b45a2e4-81de-460d-aeb0-1b88994d5281'::uuid, '59fae5bc-7568-431a-a752-9c5efa3b253c'::uuid, TRUE, NULL, '2026-02-14T13:19:58.611245+00:00', 'REDACTED') ON CONFLICT DO NOTHING;
INSERT INTO public."shopping_list_items" ("id", "list_id", "is_checked", "notes", "created_at", "name") VALUES ('1dbefbb5-fb8e-47f7-9e7c-219a68dc67c7'::uuid, '59fae5bc-7568-431a-a752-9c5efa3b253c'::uuid, TRUE, NULL, '2026-02-14T13:18:32.661733+00:00', 'REDACTED') ON CONFLICT DO NOTHING;
INSERT INTO public."shopping_list_items" ("id", "list_id", "is_checked", "notes", "created_at", "name") VALUES ('d325b248-a82b-4b96-aeb8-3c70afb0d9b4'::uuid, '023d3e3e-9523-4f19-8e41-cc8a04465d2e'::uuid, FALSE, NULL, '2026-02-14T18:51:01.498713+00:00', 'REDACTED') ON CONFLICT DO NOTHING;
INSERT INTO public."shopping_list_items" ("id", "list_id", "is_checked", "notes", "created_at", "name") VALUES ('7f985db0-15ec-4a47-88bf-e70c35e5798d'::uuid, '023d3e3e-9523-4f19-8e41-cc8a04465d2e'::uuid, FALSE, NULL, '2026-02-14T18:51:05.009785+00:00', 'REDACTED') ON CONFLICT DO NOTHING;
INSERT INTO public."shopping_list_items" ("id", "list_id", "is_checked", "notes", "created_at", "name") VALUES ('85c9a24a-dc01-40b7-93b6-bb8196be67f4'::uuid, 'f3e75498-232d-4998-ac6b-e213bdcd9375'::uuid, FALSE, NULL, '2026-02-09T14:18:46.846549+00:00', 'REDACTED') ON CONFLICT DO NOTHING;
INSERT INTO public."shopping_list_items" ("id", "list_id", "is_checked", "notes", "created_at", "name") VALUES ('c05ef9e0-d383-4210-8b4e-663ea73e4fa9'::uuid, 'f3e75498-232d-4998-ac6b-e213bdcd9375'::uuid, FALSE, NULL, '2026-02-09T14:18:49.194277+00:00', 'REDACTED') ON CONFLICT DO NOTHING;
INSERT INTO public."shopping_list_items" ("id", "list_id", "is_checked", "notes", "created_at", "name") VALUES ('ca764098-62b0-47f1-bd59-ebf9ef9730a0'::uuid, 'd7a803c4-48f9-42f8-8018-cae4086bba5e'::uuid, TRUE, NULL, '2026-02-16T19:53:48.883828+00:00', 'REDACTED') ON CONFLICT DO NOTHING;
INSERT INTO public."shopping_list_items" ("id", "list_id", "is_checked", "notes", "created_at", "name") VALUES ('454bab63-557a-4407-bbb3-91bb29c5fe12'::uuid, 'd7a803c4-48f9-42f8-8018-cae4086bba5e'::uuid, TRUE, NULL, '2026-02-16T19:53:47.155666+00:00', 'REDACTED') ON CONFLICT DO NOTHING;
INSERT INTO public."shopping_list_items" ("id", "list_id", "is_checked", "notes", "created_at", "name") VALUES ('c35199ac-bfb8-415e-aa9b-0229fa5c4890'::uuid, 'd7a803c4-48f9-42f8-8018-cae4086bba5e'::uuid, TRUE, NULL, '2026-02-16T19:53:49.902066+00:00', 'REDACTED') ON CONFLICT DO NOTHING;
INSERT INTO public."shopping_list_items" ("id", "list_id", "is_checked", "notes", "created_at", "name") VALUES ('96301dda-32c6-4241-8146-186e2801ea17'::uuid, '346ccc22-bf40-4624-a9bb-fed158d4e77a'::uuid, FALSE, NULL, '2026-02-20T15:37:26.972176+00:00', 'REDACTED') ON CONFLICT DO NOTHING;
INSERT INTO public."shopping_list_items" ("id", "list_id", "is_checked", "notes", "created_at", "name") VALUES ('5bfae93c-1beb-471f-9d3b-5bc2de90f5b6'::uuid, '346ccc22-bf40-4624-a9bb-fed158d4e77a'::uuid, FALSE, NULL, '2026-02-20T15:37:28.451215+00:00', 'REDACTED') ON CONFLICT DO NOTHING;
INSERT INTO public."shopping_list_items" ("id", "list_id", "is_checked", "notes", "created_at", "name") VALUES ('e5106c96-04fe-4d93-bc38-bce55aee1d03'::uuid, 'a4001e4d-cd49-4ff9-8a11-baf0ac3982b8'::uuid, TRUE, NULL, '2026-02-09T14:09:28.201798+00:00', 'REDACTED') ON CONFLICT DO NOTHING;
INSERT INTO public."shopping_list_items" ("id", "list_id", "is_checked", "notes", "created_at", "name") VALUES ('a0d548f9-471a-403a-9609-8b85581a8d2f'::uuid, 'a4001e4d-cd49-4ff9-8a11-baf0ac3982b8'::uuid, TRUE, NULL, '2026-02-09T14:09:30.653221+00:00', 'REDACTED') ON CONFLICT DO NOTHING;
INSERT INTO public."shopping_list_items" ("id", "list_id", "is_checked", "notes", "created_at", "name") VALUES ('d6ef1d7b-6f03-429a-8fcf-b0e1987e0fae'::uuid, 'a4001e4d-cd49-4ff9-8a11-baf0ac3982b8'::uuid, TRUE, NULL, '2026-02-09T14:13:40.047644+00:00', 'REDACTED') ON CONFLICT DO NOTHING;
INSERT INTO public."shopping_list_items" ("id", "list_id", "is_checked", "notes", "created_at", "name") VALUES ('f9dcc740-3132-4812-a96d-8f5b3f6b41a0'::uuid, 'a4001e4d-cd49-4ff9-8a11-baf0ac3982b8'::uuid, TRUE, NULL, '2026-02-09T14:24:44.549026+00:00', 'REDACTED') ON CONFLICT DO NOTHING;
INSERT INTO public."shopping_list_items" ("id", "list_id", "is_checked", "notes", "created_at", "name") VALUES ('30fbaf6c-6cff-4550-ac48-d57ee09ec5a7'::uuid, '90a9b1fb-a6c4-4845-8b67-59fd43f2a4ba'::uuid, TRUE, NULL, '2026-02-09T14:19:28.914457+00:00', 'REDACTED') ON CONFLICT DO NOTHING;
INSERT INTO public."shopping_list_items" ("id", "list_id", "is_checked", "notes", "created_at", "name") VALUES ('24c37920-23c9-472a-8403-0b1bc9fcb559'::uuid, '90a9b1fb-a6c4-4845-8b67-59fd43f2a4ba'::uuid, TRUE, NULL, '2026-02-09T14:21:29.342651+00:00', 'REDACTED') ON CONFLICT DO NOTHING;
INSERT INTO public."shopping_list_items" ("id", "list_id", "is_checked", "notes", "created_at", "name") VALUES ('e3f4b0cd-483d-4152-9a98-2dc809b33066'::uuid, '346ccc22-bf40-4624-a9bb-fed158d4e77a'::uuid, FALSE, NULL, '2026-02-20T15:37:30.676349+00:00', 'REDACTED') ON CONFLICT DO NOTHING;
INSERT INTO public."shopping_list_items" ("id", "list_id", "is_checked", "notes", "created_at", "name") VALUES ('0a2e62f7-6fb4-4eda-bf6c-e144127103c3'::uuid, '2926f802-a50b-4a05-b402-2b82a2e4a8f0'::uuid, TRUE, NULL, '2026-02-09T15:03:22.631225+00:00', 'REDACTED') ON CONFLICT DO NOTHING;
INSERT INTO public."shopping_list_items" ("id", "list_id", "is_checked", "notes", "created_at", "name") VALUES ('b005ec6a-4002-4291-8a6b-970f45a3afa1'::uuid, '2926f802-a50b-4a05-b402-2b82a2e4a8f0'::uuid, TRUE, NULL, '2026-02-09T15:03:25.827334+00:00', 'REDACTED') ON CONFLICT DO NOTHING;
INSERT INTO public."shopping_list_items" ("id", "list_id", "is_checked", "notes", "created_at", "name") VALUES ('4452bca6-4910-4398-abd6-5b84311ec69f'::uuid, 'c2a7d2ad-751e-4d5d-b581-9df16b4ffe14'::uuid, TRUE, NULL, '2026-02-12T12:04:27.610516+00:00', 'REDACTED') ON CONFLICT DO NOTHING;
INSERT INTO public."shopping_list_items" ("id", "list_id", "is_checked", "notes", "created_at", "name") VALUES ('e932fb75-3575-433c-acae-a7f2c9552545'::uuid, 'c2a7d2ad-751e-4d5d-b581-9df16b4ffe14'::uuid, TRUE, NULL, '2026-02-12T12:04:29.025479+00:00', 'REDACTED') ON CONFLICT DO NOTHING;
INSERT INTO public."shopping_list_items" ("id", "list_id", "is_checked", "notes", "created_at", "name") VALUES ('e27de020-c567-48df-bdf9-670f22bb96d5'::uuid, 'c2a7d2ad-751e-4d5d-b581-9df16b4ffe14'::uuid, TRUE, NULL, '2026-02-12T12:04:30.504466+00:00', 'REDACTED') ON CONFLICT DO NOTHING;
INSERT INTO public."shopping_list_items" ("id", "list_id", "is_checked", "notes", "created_at", "name") VALUES ('91b6fda3-c4ec-47ff-803f-3aa9fe46aba7'::uuid, 'bb87919f-e606-4658-a26d-311e781cacf4'::uuid, TRUE, NULL, '2026-02-12T18:58:55.28387+00:00', 'REDACTED') ON CONFLICT DO NOTHING;
INSERT INTO public."shopping_list_items" ("id", "list_id", "is_checked", "notes", "created_at", "name") VALUES ('fae22f06-64c6-4381-8877-b19c4fa721c4'::uuid, 'bb87919f-e606-4658-a26d-311e781cacf4'::uuid, TRUE, NULL, '2026-02-12T18:58:59.774562+00:00', 'REDACTED') ON CONFLICT DO NOTHING;
INSERT INTO public."shopping_list_items" ("id", "list_id", "is_checked", "notes", "created_at", "name") VALUES ('3865b803-e185-4e91-b2b0-bcf26a457dfa'::uuid, '59fae5bc-7568-431a-a752-9c5efa3b253c'::uuid, FALSE, NULL, '2026-02-14T13:19:52.013314+00:00', 'REDACTED') ON CONFLICT DO NOTHING;
INSERT INTO public."shopping_list_items" ("id", "list_id", "is_checked", "notes", "created_at", "name") VALUES ('12e420d3-6158-4121-9d17-cc6fb62e487e'::uuid, '59fae5bc-7568-431a-a752-9c5efa3b253c'::uuid, TRUE, NULL, '2026-02-14T13:18:21.492183+00:00', 'REDACTED') ON CONFLICT DO NOTHING;
INSERT INTO public."shopping_list_items" ("id", "list_id", "is_checked", "notes", "created_at", "name") VALUES ('32255309-9ae3-4ca1-a12a-27b4b5199360'::uuid, '59fae5bc-7568-431a-a752-9c5efa3b253c'::uuid, TRUE, NULL, '2026-02-14T13:17:59.734921+00:00', 'REDACTED') ON CONFLICT DO NOTHING;
INSERT INTO public."shopping_list_items" ("id", "list_id", "is_checked", "notes", "created_at", "name") VALUES ('6b32249c-9b1e-4dc7-bfd5-8cdd822d78ab'::uuid, '59fae5bc-7568-431a-a752-9c5efa3b253c'::uuid, TRUE, NULL, '2026-02-14T13:21:43.644283+00:00', 'REDACTED') ON CONFLICT DO NOTHING;
INSERT INTO public."shopping_list_items" ("id", "list_id", "is_checked", "notes", "created_at", "name") VALUES ('546f2498-12e8-413d-8963-fca33f6c821d'::uuid, '59fae5bc-7568-431a-a752-9c5efa3b253c'::uuid, TRUE, NULL, '2026-02-14T13:17:35.677631+00:00', 'REDACTED') ON CONFLICT DO NOTHING;
INSERT INTO public."shopping_list_items" ("id", "list_id", "is_checked", "notes", "created_at", "name") VALUES ('4982293c-1d89-48a9-bd8b-674462a36430'::uuid, '59fae5bc-7568-431a-a752-9c5efa3b253c'::uuid, TRUE, NULL, '2026-02-14T13:20:06.063715+00:00', 'REDACTED') ON CONFLICT DO NOTHING;
INSERT INTO public."shopping_list_items" ("id", "list_id", "is_checked", "notes", "created_at", "name") VALUES ('a6f1f01d-6e75-4f59-8521-bbe22d1d9e62'::uuid, '59fae5bc-7568-431a-a752-9c5efa3b253c'::uuid, TRUE, NULL, '2026-02-14T13:17:48.539228+00:00', 'REDACTED') ON CONFLICT DO NOTHING;
INSERT INTO public."shopping_list_items" ("id", "list_id", "is_checked", "notes", "created_at", "name") VALUES ('8a9df24b-ac28-4db1-b816-f0692acf6f0c'::uuid, '59fae5bc-7568-431a-a752-9c5efa3b253c'::uuid, TRUE, NULL, '2026-02-14T13:21:46.727536+00:00', 'REDACTED') ON CONFLICT DO NOTHING;
INSERT INTO public."shopping_list_items" ("id", "list_id", "is_checked", "notes", "created_at", "name") VALUES ('d7278e89-b023-45a1-8402-60758e330370'::uuid, '59fae5bc-7568-431a-a752-9c5efa3b253c'::uuid, TRUE, NULL, '2026-02-14T13:18:04.757111+00:00', 'REDACTED') ON CONFLICT DO NOTHING;
INSERT INTO public."shopping_list_items" ("id", "list_id", "is_checked", "notes", "created_at", "name") VALUES ('f8e73b82-3c6f-4a7c-8198-d0355f384f65'::uuid, '59fae5bc-7568-431a-a752-9c5efa3b253c'::uuid, TRUE, NULL, '2026-02-14T13:17:24.4711+00:00', 'REDACTED') ON CONFLICT DO NOTHING;
INSERT INTO public."shopping_list_items" ("id", "list_id", "is_checked", "notes", "created_at", "name") VALUES ('c3787437-c0c9-45ca-b994-ced75783f362'::uuid, '59fae5bc-7568-431a-a752-9c5efa3b253c'::uuid, TRUE, NULL, '2026-02-14T13:18:47.48792+00:00', 'REDACTED') ON CONFLICT DO NOTHING;
INSERT INTO public."shopping_list_items" ("id", "list_id", "is_checked", "notes", "created_at", "name") VALUES ('b552f21b-1098-4ac3-90c6-d3fc243f467a'::uuid, '59fae5bc-7568-431a-a752-9c5efa3b253c'::uuid, TRUE, NULL, '2026-02-14T13:17:30.277104+00:00', 'REDACTED') ON CONFLICT DO NOTHING;
INSERT INTO public."shopping_list_items" ("id", "list_id", "is_checked", "notes", "created_at", "name") VALUES ('183a5c27-ac72-4b78-80cb-e4f13507e6c8'::uuid, '59fae5bc-7568-431a-a752-9c5efa3b253c'::uuid, TRUE, NULL, '2026-02-14T13:18:13.558042+00:00', 'REDACTED') ON CONFLICT DO NOTHING;
INSERT INTO public."shopping_list_items" ("id", "list_id", "is_checked", "notes", "created_at", "name") VALUES ('7db8f2ac-5f8a-490a-a2fb-8ce69fbae294'::uuid, '59fae5bc-7568-431a-a752-9c5efa3b253c'::uuid, TRUE, NULL, '2026-02-14T13:17:33.577181+00:00', 'REDACTED') ON CONFLICT DO NOTHING;
INSERT INTO public."shopping_list_items" ("id", "list_id", "is_checked", "notes", "created_at", "name") VALUES ('528406bd-03eb-49f1-8465-3894bc4d8f14'::uuid, '59fae5bc-7568-431a-a752-9c5efa3b253c'::uuid, TRUE, NULL, '2026-02-14T13:19:41.110438+00:00', 'REDACTED') ON CONFLICT DO NOTHING;
INSERT INTO public."shopping_list_items" ("id", "list_id", "is_checked", "notes", "created_at", "name") VALUES ('a92100fa-6f2d-4a1c-ad5c-118b95e53af0'::uuid, '59fae5bc-7568-431a-a752-9c5efa3b253c'::uuid, TRUE, NULL, '2026-02-14T13:20:08.950849+00:00', 'REDACTED') ON CONFLICT DO NOTHING;
INSERT INTO public."shopping_list_items" ("id", "list_id", "is_checked", "notes", "created_at", "name") VALUES ('ee360f8c-71eb-4ec4-8792-68d7c2a15672'::uuid, '59fae5bc-7568-431a-a752-9c5efa3b253c'::uuid, TRUE, NULL, '2026-02-14T13:18:08.026825+00:00', 'REDACTED') ON CONFLICT DO NOTHING;
INSERT INTO public."shopping_list_items" ("id", "list_id", "is_checked", "notes", "created_at", "name") VALUES ('1ac3f9d6-0b3c-4354-ac14-15cceedf6697'::uuid, '59fae5bc-7568-431a-a752-9c5efa3b253c'::uuid, TRUE, NULL, '2026-02-14T13:17:41.079051+00:00', 'REDACTED') ON CONFLICT DO NOTHING;
INSERT INTO public."shopping_list_items" ("id", "list_id", "is_checked", "notes", "created_at", "name") VALUES ('d6b37e37-6a81-46da-97ae-26200d49b5f1'::uuid, '59fae5bc-7568-431a-a752-9c5efa3b253c'::uuid, TRUE, NULL, '2026-02-14T13:18:41.563379+00:00', 'REDACTED') ON CONFLICT DO NOTHING;
INSERT INTO public."shopping_list_items" ("id", "list_id", "is_checked", "notes", "created_at", "name") VALUES ('9d5f5cf6-2ed9-4ae0-8a9c-7b25e81fea99'::uuid, '59fae5bc-7568-431a-a752-9c5efa3b253c'::uuid, TRUE, NULL, '2026-02-14T13:22:02.749701+00:00', 'REDACTED') ON CONFLICT DO NOTHING;
INSERT INTO public."shopping_list_items" ("id", "list_id", "is_checked", "notes", "created_at", "name") VALUES ('eefd7b36-b02a-48b7-85da-9eda68ff7ff6'::uuid, '59fae5bc-7568-431a-a752-9c5efa3b253c'::uuid, TRUE, NULL, '2026-02-14T13:21:59.213594+00:00', 'REDACTED') ON CONFLICT DO NOTHING;
INSERT INTO public."shopping_list_items" ("id", "list_id", "is_checked", "notes", "created_at", "name") VALUES ('45544766-2a50-4eda-a887-6816ac890cfd'::uuid, '59fae5bc-7568-431a-a752-9c5efa3b253c'::uuid, TRUE, NULL, '2026-02-14T13:20:31.434531+00:00', 'REDACTED') ON CONFLICT DO NOTHING;
INSERT INTO public."shopping_list_items" ("id", "list_id", "is_checked", "notes", "created_at", "name") VALUES ('6ec8c3c2-c1d7-4b80-a576-8ea64a1511a5'::uuid, '59fae5bc-7568-431a-a752-9c5efa3b253c'::uuid, TRUE, NULL, '2026-02-14T13:21:16.357286+00:00', 'REDACTED') ON CONFLICT DO NOTHING;
INSERT INTO public."shopping_list_items" ("id", "list_id", "is_checked", "notes", "created_at", "name") VALUES ('5481b3a2-7d83-45e4-941c-605d78641627'::uuid, '59fae5bc-7568-431a-a752-9c5efa3b253c'::uuid, TRUE, NULL, '2026-02-14T13:19:43.395099+00:00', 'REDACTED') ON CONFLICT DO NOTHING;
INSERT INTO public."shopping_list_items" ("id", "list_id", "is_checked", "notes", "created_at", "name") VALUES ('6fb65737-26ac-425e-8e51-b67270b096c2'::uuid, '59fae5bc-7568-431a-a752-9c5efa3b253c'::uuid, TRUE, NULL, '2026-02-14T13:20:21.24552+00:00', 'REDACTED') ON CONFLICT DO NOTHING;
INSERT INTO public."shopping_list_items" ("id", "list_id", "is_checked", "notes", "created_at", "name") VALUES ('c76ea7c7-aff7-43f8-8c1c-d3a4f68f9878'::uuid, '59fae5bc-7568-431a-a752-9c5efa3b253c'::uuid, TRUE, NULL, '2026-02-14T13:18:34.661285+00:00', 'REDACTED') ON CONFLICT DO NOTHING;
INSERT INTO public."shopping_list_items" ("id", "list_id", "is_checked", "notes", "created_at", "name") VALUES ('5060e667-6324-4232-8a36-fa0eb8f0203e'::uuid, '59fae5bc-7568-431a-a752-9c5efa3b253c'::uuid, TRUE, NULL, '2026-02-14T13:18:58.929015+00:00', 'REDACTED') ON CONFLICT DO NOTHING;
INSERT INTO public."shopping_list_items" ("id", "list_id", "is_checked", "notes", "created_at", "name") VALUES ('b7854d12-92a1-40cf-be29-4555742ff895'::uuid, '59fae5bc-7568-431a-a752-9c5efa3b253c'::uuid, TRUE, NULL, '2026-02-14T13:18:54.22781+00:00', 'REDACTED') ON CONFLICT DO NOTHING;
INSERT INTO public."shopping_list_items" ("id", "list_id", "is_checked", "notes", "created_at", "name") VALUES ('c670eef3-4246-4157-859a-37bc768a654b'::uuid, '59fae5bc-7568-431a-a752-9c5efa3b253c'::uuid, TRUE, NULL, '2026-02-14T13:19:37.795649+00:00', 'REDACTED') ON CONFLICT DO NOTHING;
INSERT INTO public."shopping_list_items" ("id", "list_id", "is_checked", "notes", "created_at", "name") VALUES ('375e213a-f3da-4519-a091-4fb8860a06a3'::uuid, '59fae5bc-7568-431a-a752-9c5efa3b253c'::uuid, TRUE, NULL, '2026-02-14T13:19:28.950486+00:00', 'REDACTED') ON CONFLICT DO NOTHING;
INSERT INTO public."shopping_list_items" ("id", "list_id", "is_checked", "notes", "created_at", "name") VALUES ('559c4fac-fdf3-4e17-a603-e298a6356a55'::uuid, '59fae5bc-7568-431a-a752-9c5efa3b253c'::uuid, TRUE, NULL, '2026-02-14T13:19:01.613004+00:00', 'REDACTED') ON CONFLICT DO NOTHING;
INSERT INTO public."shopping_list_items" ("id", "list_id", "is_checked", "notes", "created_at", "name") VALUES ('20a787a5-0b4d-47c6-9a07-caa94b0a4200'::uuid, '59fae5bc-7568-431a-a752-9c5efa3b253c'::uuid, TRUE, NULL, '2026-02-14T13:19:14.728446+00:00', 'REDACTED') ON CONFLICT DO NOTHING;
INSERT INTO public."shopping_list_items" ("id", "list_id", "is_checked", "notes", "created_at", "name") VALUES ('e400c5cf-7af8-4bf8-beb1-f5ad5567f72a'::uuid, '59fae5bc-7568-431a-a752-9c5efa3b253c'::uuid, TRUE, NULL, '2026-02-14T13:19:09.032555+00:00', 'REDACTED') ON CONFLICT DO NOTHING;
INSERT INTO public."cm_support_comments" ("id", "ticket_id", "is_internal", "content", "created_at", "author_role", "author_email") VALUES ('48d4b36d-6d57-4b1b-a173-e525efad1af9'::uuid, '8a1954c3-d5cc-432e-9d37-23e037dc09d1'::uuid, FALSE, 'Bonjour,

Merci d''avoir contacté notre support. Dès validation, nous vous confirmons la remise en service. Si besoin, nous joignons l''heure du correctif et le résultat du test fonctionnel.', '2026-02-18T21:16:20.885382+00:00', 'admin', 'REDACTED') ON CONFLICT DO NOTHING;
INSERT INTO public."cm_support_comments" ("id", "ticket_id", "is_internal", "content", "created_at", "author_role", "author_email") VALUES ('e226a918-25e7-4cd8-ba53-8fb7e3bc8d69'::uuid, 'eece5c43-c912-429f-b31b-eab5f67aa04c'::uuid, FALSE, 'Bonjour ! 👋

Notre système d''assistance automatique a analysé votre demande concernant : "ical"

**💡 Solution suggérée :**

🔄 **Problème de synchronisation calendrier** :

**Vérifications immédiates** :
1. Vérifiez que l''URL iCal est bien configurée dans les paramètres
2. La synchronisation peut prendre jusqu''à 15 minutes
3. Videz le cache du navigateur (Ctrl+Shift+Delete)

**Solution étape par étape** :
1. Allez dans **Paramètres** → **Calendriers**
2. Cliquez sur "Forcer la synchronisation"
3. Vérifiez que les URLs iCal sont actives (testez-les dans un navigateur)
4. Si le problème persiste, supprimez et recréez la connexion

**Causes fréquentes** :
- URL iCal expirée → Régénérez-la sur la plateforme source
- Trop de réservations → La synchronisation prend plus de temps
- Blocage CORS → Vérifiez vos paramètres de sécurité

💡 **Astuce** : Utilisez le mode "Debug" dans les paramètres pour voir les logs de synchronisation.

**⏱️ Temps de résolution estimé :** 10 minutes

---

Cette réponse est générée automatiquement avec un niveau de confiance de **43%**.

Si cette solution ne résout pas votre problème, notre équipe support humaine prendra en charge votre ticket dans les plus brefs délais. N''hésitez pas à répondre pour plus de précisions ! 😊', '2026-02-18T22:03:45.275913+00:00', 'ai', 'REDACTED') ON CONFLICT DO NOTHING;
INSERT INTO public."shopping_lists" ("id", "owner_user_id", "name", "created_at", "updated_at") VALUES ('f3e75498-232d-4998-ac6b-e213bdcd9375'::uuid, '12296d3d-696b-4c5d-95b7-e0b3a1dd1814'::uuid, 'REDACTED', '2026-02-09T14:18:42.591977+00:00', '2026-02-09T14:18:51.72591+00:00') ON CONFLICT DO NOTHING;
INSERT INTO public."shopping_lists" ("id", "owner_user_id", "name", "created_at", "updated_at") VALUES ('a4001e4d-cd49-4ff9-8a11-baf0ac3982b8'::uuid, '12296d3d-696b-4c5d-95b7-e0b3a1dd1814'::uuid, 'REDACTED', '2026-02-09T14:09:14.820684+00:00', '2026-02-09T14:56:09.765861+00:00') ON CONFLICT DO NOTHING;
INSERT INTO public."shopping_lists" ("id", "owner_user_id", "name", "created_at", "updated_at") VALUES ('90a9b1fb-a6c4-4845-8b67-59fd43f2a4ba'::uuid, '12296d3d-696b-4c5d-95b7-e0b3a1dd1814'::uuid, 'REDACTED', '2026-02-09T14:19:26.372599+00:00', '2026-02-09T15:01:05.004429+00:00') ON CONFLICT DO NOTHING;
INSERT INTO public."shopping_lists" ("id", "owner_user_id", "name", "created_at", "updated_at") VALUES ('2926f802-a50b-4a05-b402-2b82a2e4a8f0'::uuid, '12296d3d-696b-4c5d-95b7-e0b3a1dd1814'::uuid, 'REDACTED', '2026-02-09T15:03:19.348227+00:00', '2026-02-09T15:03:46.244367+00:00') ON CONFLICT DO NOTHING;
INSERT INTO public."shopping_lists" ("id", "owner_user_id", "name", "created_at", "updated_at") VALUES ('c2a7d2ad-751e-4d5d-b581-9df16b4ffe14'::uuid, '12296d3d-696b-4c5d-95b7-e0b3a1dd1814'::uuid, 'REDACTED', '2026-02-12T12:04:24.144996+00:00', '2026-02-12T12:04:58.84212+00:00') ON CONFLICT DO NOTHING;
INSERT INTO public."shopping_lists" ("id", "owner_user_id", "name", "created_at", "updated_at") VALUES ('bb87919f-e606-4658-a26d-311e781cacf4'::uuid, '12296d3d-696b-4c5d-95b7-e0b3a1dd1814'::uuid, 'REDACTED', '2026-02-12T18:58:46.563566+00:00', '2026-02-12T19:05:05.812765+00:00') ON CONFLICT DO NOTHING;
INSERT INTO public."shopping_lists" ("id", "owner_user_id", "name", "created_at", "updated_at") VALUES ('59fae5bc-7568-431a-a752-9c5efa3b253c'::uuid, '12296d3d-696b-4c5d-95b7-e0b3a1dd1814'::uuid, 'REDACTED', '2026-02-14T13:17:20.016528+00:00', '2026-02-14T16:22:19.010406+00:00') ON CONFLICT DO NOTHING;
INSERT INTO public."shopping_lists" ("id", "owner_user_id", "name", "created_at", "updated_at") VALUES ('023d3e3e-9523-4f19-8e41-cc8a04465d2e'::uuid, '12296d3d-696b-4c5d-95b7-e0b3a1dd1814'::uuid, 'REDACTED', '2026-02-14T18:50:57.809404+00:00', '2026-02-14T18:51:52.992104+00:00') ON CONFLICT DO NOTHING;
INSERT INTO public."shopping_lists" ("id", "owner_user_id", "name", "created_at", "updated_at") VALUES ('d7a803c4-48f9-42f8-8018-cae4086bba5e'::uuid, '12296d3d-696b-4c5d-95b7-e0b3a1dd1814'::uuid, 'REDACTED', '2026-02-16T19:53:42.2129+00:00', '2026-02-16T20:27:39.080286+00:00') ON CONFLICT DO NOTHING;
INSERT INTO public."shopping_lists" ("id", "owner_user_id", "name", "created_at", "updated_at") VALUES ('346ccc22-bf40-4624-a9bb-fed158d4e77a'::uuid, '12296d3d-696b-4c5d-95b7-e0b3a1dd1814'::uuid, 'REDACTED', '2026-02-20T15:37:20.178703+00:00', '2026-02-23T10:29:33.099052+00:00') ON CONFLICT DO NOTHING;
INSERT INTO public."cm_pricing_plans" ("id", "description", "features", "created_at", "updated_at", "name") VALUES ('a626bf73-769c-42aa-b102-ad7d8b6be05a'::uuid, 'Parfait pour démarrer', '["1 gîte","Synchronisation iCal","Calendrier simple","Support email"]'::jsonb, '2026-01-30T08:23:36.487977+00:00', '2026-01-30T08:23:36.487977+00:00', 'REDACTED') ON CONFLICT DO NOTHING;
INSERT INTO public."cm_pricing_plans" ("id", "description", "features", "created_at", "updated_at", "name") VALUES ('53a17ae9-9d4f-438a-8433-0a82c6e93f78'::uuid, 'Pour les pros', '["5 gîtes","Sync iCal illimitée","Planning ménages","Statistiques avancées","Support prioritaire","Export données"]'::jsonb, '2026-01-30T08:23:36.487977+00:00', '2026-01-30T08:23:36.487977+00:00', 'REDACTED') ON CONFLICT DO NOTHING;
INSERT INTO public."cm_pricing_plans" ("id", "description", "features", "created_at", "updated_at", "name") VALUES ('f109d3c8-bbd8-4cac-8dd0-dbaf410304aa'::uuid, 'Solution complète', '["Gîtes illimités","Tout Pro inclus","API accès","Support 24/7","Formation personnalisée","Channel Manager avancé"]'::jsonb, '2026-01-30T08:23:36.487977+00:00', '2026-01-30T08:23:36.487977+00:00', 'REDACTED') ON CONFLICT DO NOTHING;
COMMIT;
